Genotype,Shorthand,g,A,E,G,M
WT TEM-1,WT,0,0,0,0,0
G238S,G,0,0,0,1,0
E104K,E,0,0,1,0,0
A42G,A,0,1,0,0,0
M182T,M,0,0,0,0,1
g4205a,p,1,0,0,0,0
"G238S, E104K",EG,0,0,1,1,0
"G238S, A42G",AG,0,1,0,1,0
"G238S, M182T",GM,0,0,0,1,1
"G238S, g4205a",pG,1,0,0,1,0
"E104K, A42G",AE,0,1,1,0,0
"E104K, M182T",EM,0,0,1,0,1
"E104K, g4205a",pE,1,0,1,0,0
"A42G, M182T",AM,0,1,0,0,1
"A42G, g4205a",pA,1,1,0,0,0
"M182T, g4205a",pM,1,0,0,0,1
"G238S, E104K, A42G",AEG,0,1,1,1,0
"G238S, E104K, M182T",EGM,0,0,1,1,1
"G238S, E104K, g4205a",pEG,1,0,1,1,0
"G238S, A42G, M182T",AGM,0,1,0,1,1
"G238S, A42G, g4205a",pAG,1,1,0,1,0
"G238S, M182T, g4205a",pGM,1,0,0,1,1
"E104K, A42G, M182T",AEM,0,1,1,0,1
"E104K, A42G, g4205a",pAE,1,1,1,0,0
"E104K, M182T, g4205a",pEM,1,0,1,0,1
"A42G, M182T, g4205a",pAM,1,1,0,0,1
"G238S, E104K, A42G, M182T",AEGM,0,1,1,1,1
"G238S, E104K, A42G, g4205a",pAEG,1,1,1,1,0
"G238S, E104K, M182T, g4205a",pEGM,1,0,1,1,1
"E104K, A42G, M182T, g4205a",pAEM,1,1,1,0,1
"G238S, A42G, M182T, g4205a",pAGM,1,1,0,1,1
"G238S, E104K, A42G, M182T, g4205a",pAEGM,1,1,1,1,1