Genotype,Shorthand,Barcode,ReverseBarcode,ReplicateLabel
WT TEM-1,WT,GATGGCCTTTTGCCGGTT,AACCGGCAAAAGGCCATC,A
G238S,G,ACTGCGTTTTAATATTTT,AAAATATTAAAACGCAGT,A
E104K,E,TTGGCGCCTTCTCTTCTG,CAGAAGAGAAGGCGCCAA,A
A42G,A,CAGTGAGTCAGATATCTT,AAGATATCTGACTCACTG,A
M182T,M,CCTAGCAGCTCGTAAGAG,CTCTTACGAGCTGCTAGG,A
g4205a,p,GTATTAGTTTTACTTTAG,CTAAAGTAAAACTAATAC,A
"G238S, E104K",EG,TGTATTGGTTAACGTTAC,GTAACGTTAACCAATACA,A
"G238S, A42G",AG,CAGCTGGTTGGTTCTCTA,TAGAGAACCAACCAGCTG,A
"G238S, M182T",GM,GATCCGATGATAGTAGTT,AACTACTATCATCGGATC,A
"G238S, g4205a",pG,ATAAGGTTTGTTTCCCTG,CAGGGAAACAAACCTTAT,A
"E104K, A42G",AE,ATTAGATTTATTAATATG,CATATTAATAAATCTAAT,A
"E104K, M182T",EM,GCTTCCTTTATTTGTTTA,TAAACAAATAAAGGAAGC,A
"E104K, g4205a",pE,CGACAACGTATCAAGCTC,GAGCTTGATACGTTGTCG,A
"A42G, M182T",AM,CGTACCCCTTGCTGGTGG,CCACCAGCAAGGGGTACG,A
"A42G, g4205a",pA,CTCATTTTAGACTTCGTT,AACGAAGTCTAAAATGAG,A
"M182T, g4205a",pM,AGGGATCTGGAGTAGGTC,GACCTACTCCAGATCCCT,A
"G238S, E104K, A42G",AEG,AGCATGCTCTGCCGAGAA,TTCTCGGCAGAGCATGCT,A
"G238S, E104K, M182T",EGM,CAATATACTCTGTACTAA,TTAGTACAGAGTATATTG,A
"G238S, E104K, g4205a",pEG,AACGGTTGGACCGAGCGG,CCGCTCGGTCCAACCGTT,A
"G238S, A42G, M182T",AGM,GGCAGGTGAATCTACCAG,CTGGTAGATTCACCTGCC,A
"G238S, A42G, g4205a",pAG,AAGTGTTCGCATTGCAAG,CTTGCAATGCGAACACTT,A
"G238S, M182T, g4205a",pGM,TTTGTTGCTCTTTCGATG,CATCGAAAGAGCAACAAA,A
"E104K, A42G, M182T",AEM,GTGCGAAAGCATTACACT,AGTGTAATGCTTTCGCAC,A
"E104K, A42G, g4205a",pAE,ATAAATATGTGGTCCCTG,CAGGGACCACATATTTAT,A
"E104K, M182T, g4205a",pEM,AGTCGTGTGGGGGCCTAC,GTAGGCCCCCACACGACT,A
"A42G, M182T, g4205a",pAM,TTAACACATGGTATTTAC,GTAAATACCATGTGTTAA,A
"G238S, E104K, A42G, M182T",AEGM,ACGAACTTTGCTTTCTTT,AAAGAAAGCAAAGTTCGT,A
"G238S, E104K, A42G, g4205a",pAEG,TATTTGAGTTATTAGTTC,GAACTAATAACTCAAATA,A
"G238S, E104K, M182T, g4205a",pEGM,ATATTTTACCGTCTTAAA,TTTAAGACGGTAAAATAT,A
"E104K, A42G, M182T, g4205a",pAEM,GCATCGCTCTCATGGGTA,TACCCATGAGAGCGATGC,A
"G238S, A42G, M182T, g4205a",pAGM,TTAGCTTGGTTTCTGTCT,AGACAGAAACCAAGCTAA,A
"G238S, E104K, A42G, M182T, g4205a",pAEGM,CTGTTTTTGAACTTGAAG,CTTCAAGTTCAAAAACAG,A
WT TEM-1,WT,ATTCGTAAACTTCTGGTT,AACCAGAAGTTTACGAAT,B
G238S,G,CCAACTGTAAGCCTATTT,AAATAGGCTTACAGTTGG,B
E104K,E,GGAGCAGTAGAGGTGGTA,TACCACCTCTACTGCTCC,B
A42G,A,GTAGCCATTTACTTCTGT,ACAGAAGTAAATGGCTAC,B
M182T,M,TCCAAAGGGTGGCACGAG,CTCGTGCCACCCTTTGGA,B
g4205a,p,TTGAGTCCCGAGGGTGGT,ACCACCCTCGGGACTCAA,B
"G238S, E104K",EG,TAACGCGAGTCGTAATCT,AGATTACGACTCGCGTTA,B
"G238S, A42G",AG,ATAGTTATTTTGGAACTA,TAGTTCCAAAATAACTAT,B
"G238S, M182T",GM,TATCCGTCCTCGGCAGAG,CTCTGCCGAGGACGGATA,B
"G238S, g4205a",pG,AATTTAAGTATAGAGGGG,CCCCTCTATACTTAAATT,B
"E104K, A42G",AE,GTTTCCTCTAAAGATTTC,GAAATCTTTAGAGGAAAC,B
"E104K, M182T",EM,GCGAGATGATTAGAGAGA,TCTCTCTAATCATCTCGC,B
"E104K, g4205a",pE,TCCGACCATTAAGGGTTA,TAACCCTTAATGGTCGGA,B
"A42G, M182T",AM,AGAACTTGGTAACGGGGC,GCCCCGTTACCAAGTTCT,B
"A42G, g4205a",pA,CATTCATATTAAAGTTTG,CAAACTTTAATATGAATG,B
"M182T, g4205a",pM,AATGTGCGTTAATAGATT,AATCTATTAACGCACATT,B
"G238S, E104K, A42G",AEG,TCCACGTACATAAATGTT,AACATTTATGTACGTGGA,B
"G238S, E104K, M182T",EGM,CATCTAATTTATTGGGTA,TACCCAATAAATTAGATG,B
"G238S, E104K, g4205a",pEG,CCATTTGATTTTAAGCTC,GAGCTTAAAATCAAATGG,B
"G238S, A42G, M182T",AGM,TTTAGCCCCATCACTAAC,GTTAGTGATGGGGCTAAA,B
"G238S, A42G, g4205a",pAG,ACAGGAGACGGTATCTTT,AAAGATACCGTCTCCTGT,B
"G238S, M182T, g4205a",pGM,TCCGGTACGATTACAACG,CGTTGTAATCGTACCGGA,B
"E104K, A42G, M182T",AEM,TTGCATAGTTTCATAATA,TATTATGAAACTATGCAA,B
"E104K, A42G, g4205a",pAE,CACCATCCTACAACTAAA,TTTAGTTGTAGGATGGTG,B
"E104K, M182T, g4205a",pEM,GCGTCCTCGAGTCTTTAC,GTAAAGACTCGAGGACGC,B
"A42G, M182T, g4205a",pAM,TTGTTTATTTACCGGACT,AGTCCGGTAAATAAACAA,B
"G238S, E104K, A42G, M182T",AEGM,GAAAACATACGGCGTGGT,ACCACGCCGTATGTTTTC,B
"G238S, E104K, A42G, g4205a",pAEG,ACGTAAAGTAAGACTTCA,TGAAGTCTTACTTTACGT,B
"G238S, E104K, M182T, g4205a",pEGM,GCCGCGGCGTGTGTGGTT,AACCACACACGCCGCGGC,B
"E104K, A42G, M182T, g4205a",pAEM,CATAGTCACCGGCTAGAT,ATCTAGCCGGTGACTATG,B
"G238S, A42G, M182T, g4205a",pAGM,GATAGGGTATATTGGCAC,GTGCCAATATACCCTATC,B
"G238S, E104K, A42G, M182T, g4205a",pAEGM,TGAAGCACGTAAACTATC,GATAGTTTACGTGCTTCA,B
WT TEM-1,WT,GAGTCGTGCATTGAGTTC,GAACTCAATGCACGACTC,C
G238S,G,CAGGGTCATACGAGCTTC,GAAGCTCGTATGACCCTG,C
E104K,E,ATAAAGGATGTGACTGTA,TACAGTCACATCCTTTAT,C
A42G,A,TTCGCATTATATTCCGTC,GACGGAATATAATGCGAA,C
M182T,M,TGTGATTTACACACGTCC,GGACGTGTGTAAATCACA,C
g4205a,p,TACTTTTAAACTATAAGA,TCTTATAGTTTAAAAGTA,C
"G238S, E104K",EG,GAGGGTGTGATTAGCAAT,ATTGCTAATCACACCCTC,C
"G238S, A42G",AG,ACTACAGTAATAGTGCAT,ATGCACTATTACTGTAGT,C
"G238S, M182T",GM,TCCCTAGCATGGATTGGC,GCCAATCCATGCTAGGGA,C
"G238S, g4205a",pG,TAGGTTAATTCTCGGTGA,TCACCGAGAATTAACCTA,C
"E104K, A42G",AE,TTTTTCCTCCGCTCTGGT,ACCAGAGCGGAGGAAAAA,C
"E104K, M182T",EM,GTGTGAGACGCAGTTTAG,CTAAACTGCGTCTCACAC,C
"E104K, g4205a",pE,GCTGGTCCGATCAGATAT,ATATCTGATCGGACCAGC,C
"A42G, M182T",AM,TTGGGACCTCTTTGGGTA,TACCCAAAGAGGTCCCAA,C
"A42G, g4205a",pA,CAGGTTTTAGCATATGCC,GGCATATGCTAAAACCTG,C
"M182T, g4205a",pM,TATCATAGTGAGTTCCAT,ATGGAACTCACTATGATA,C
"G238S, E104K, A42G",AEG,ACTGCTTAGCAGTTTGTC,GACAAACTGCTAAGCAGT,C
"G238S, E104K, M182T",EGM,TAGTGCTTGTTCAGGGGT,ACCCCTGAACAAGCACTA,C
"G238S, E104K, g4205a",pEG,TTGCGGAAGTGGTCGTGG,CCACGACCACTTCCGCAA,C
"G238S, A42G, M182T",AGM,TTTGTGTAGGTACTATCC,GGATAGTACCTACACAAA,C
"G238S, A42G, g4205a",pAG,TTGAAATGCTTTCGGTTA,TAACCGAAAGCATTTCAA,C
"G238S, M182T, g4205a",pGM,AACCTAATTCTTAACGGA,TCCGTTAAGAATTAGGTT,C
"E104K, A42G, M182T",AEM,GCAGTATGCGGAAAAGCT,AGCTTTTCCGCATACTGC,C
"E104K, A42G, g4205a",pAE,AATCATTCAAATCGAAGA,TCTTCGATTTGAATGATT,C
"E104K, M182T, g4205a",pEM,TTTGGACCACTTTTCTGT,ACAGAAAAGTGGTCCAAA,C
"A42G, M182T, g4205a",pAM,AAAGTTTGAGGAATAACG,CGTTATTCCTCAAACTTT,C
"G238S, E104K, A42G, M182T",AEGM,AGTCATGGCATTATGAAA,TTTCATAATGCCATGACT,C
"G238S, E104K, A42G, g4205a",pAEG,AGTGCAGGTTTAAATACT,AGTATTTAAACCTGCACT,C
"G238S, E104K, M182T, g4205a",pEGM,GTAGTAGGTGTCTCAGAC,GTCTGAGACACCTACTAC,C
"E104K, A42G, M182T, g4205a",pAEM,GAGAGGCTAAGGTGAAAC,GTTTCACCTTAGCCTCTC,C
"G238S, A42G, M182T, g4205a",pAGM,TAGCATCGGGTCAGGGCG,CGCCCTGACCCGATGCTA,C
"G238S, E104K, A42G, M182T, g4205a",pAEGM,TTGGTTGCACCAGACATT,AATGTCTGGTGCAACCAA,C
null mutant,null,AACTATCTATATAGACCG,CGGTCTATATAGATAGTT,A
null mutant,null,CGATACTTAGAGTATTTC,GAAATACTCTAAGTATCG,B
null mutant,null,TTTGTGAACTCGGTTTCC,GGAAACCGAGTTCACAAA,C