hosts,g,A,E,M,G
Ec,0,0,0,0,0
Ec,1,0,0,0,0
Ec,0,1,0,0,0
Ec,1,1,0,0,0
Ec,0,0,1,0,0
Ec,1,0,1,0,0
Ec,0,1,1,0,0
Ec,1,1,1,0,0
Ec,0,0,0,1,0
Ec,1,0,0,1,0
Ec,0,1,0,1,0
Ec,1,1,0,1,0
Ec,0,0,1,1,0
Ec,1,0,1,1,0
Ec,0,1,1,1,0
Ec,1,1,1,1,0
Ec,0,0,0,0,1
Ec,1,0,0,0,1
Ec,0,1,0,0,1
Ec,1,1,0,0,1
Ec,0,0,1,0,1
Ec,1,0,1,0,1
Ec,0,1,1,0,1
Ec,1,1,1,0,1
Ec,0,0,0,1,1
Ec,1,0,0,1,1
Ec,0,1,0,1,1
Ec,1,1,0,1,1
Ec,0,0,1,1,1
Ec,1,0,1,1,1
Ec,0,1,1,1,1
Ec,1,1,1,1,1
Kp,0,0,0,0,0
Kp,1,0,0,0,0
Kp,0,1,0,0,0
Kp,1,1,0,0,0
Kp,0,0,1,0,0
Kp,1,0,1,0,0
Kp,0,1,1,0,0
Kp,1,1,1,0,0
Kp,0,0,0,1,0
Kp,1,0,0,1,0
Kp,0,1,0,1,0
Kp,1,1,0,1,0
Kp,0,0,1,1,0
Kp,1,0,1,1,0
Kp,0,1,1,1,0
Kp,1,1,1,1,0
Kp,0,0,0,0,1
Kp,1,0,0,0,1
Kp,0,1,0,0,1
Kp,1,1,0,0,1
Kp,0,0,1,0,1
Kp,1,0,1,0,1
Kp,0,1,1,0,1
Kp,1,1,1,0,1
Kp,0,0,0,1,1
Kp,1,0,0,1,1
Kp,0,1,0,1,1
Kp,1,1,0,1,1
Kp,0,0,1,1,1
Kp,1,0,1,1,1
Kp,0,1,1,1,1
Kp,1,1,1,1,1
Se,0,0,0,0,0
Se,1,0,0,0,0
Se,0,1,0,0,0
Se,1,1,0,0,0
Se,0,0,1,0,0
Se,1,0,1,0,0
Se,0,1,1,0,0
Se,1,1,1,0,0
Se,0,0,0,1,0
Se,1,0,0,1,0
Se,0,1,0,1,0
Se,1,1,0,1,0
Se,0,0,1,1,0
Se,1,0,1,1,0
Se,0,1,1,1,0
Se,1,1,1,1,0
Se,0,0,0,0,1
Se,1,0,0,0,1
Se,0,1,0,0,1
Se,1,1,0,0,1
Se,0,0,1,0,1
Se,1,0,1,0,1
Se,0,1,1,0,1
Se,1,1,1,0,1
Se,0,0,0,1,1
Se,1,0,0,1,1
Se,0,1,0,1,1
Se,1,1,0,1,1
Se,0,0,1,1,1
Se,1,0,1,1,1
Se,0,1,1,1,1
Se,1,1,1,1,1