hosts,g,A,E,G,M
E.coli,0,0,0,0,0
E.coli,1,0,0,0,0
E.coli,0,1,0,0,0
E.coli,1,1,0,0,0
E.coli,0,0,1,0,0
E.coli,1,0,1,0,0
E.coli,0,1,1,0,0
E.coli,1,1,1,0,0
E.coli,0,0,0,1,0
E.coli,1,0,0,1,0
E.coli,0,1,0,1,0
E.coli,1,1,0,1,0
E.coli,0,0,1,1,0
E.coli,1,0,1,1,0
E.coli,0,1,1,1,0
E.coli,1,1,1,1,0
E.coli,0,0,0,0,1
E.coli,1,0,0,0,1
E.coli,0,1,0,0,1
E.coli,1,1,0,0,1
E.coli,0,0,1,0,1
E.coli,1,0,1,0,1
E.coli,0,1,1,0,1
E.coli,1,1,1,0,1
E.coli,0,0,0,1,1
E.coli,1,0,0,1,1
E.coli,0,1,0,1,1
E.coli,1,1,0,1,1
E.coli,0,0,1,1,1
E.coli,1,0,1,1,1
E.coli,0,1,1,1,1
E.coli,1,1,1,1,1
Kleb,0,0,0,0,0
Kleb,1,0,0,0,0
Kleb,0,1,0,0,0
Kleb,1,1,0,0,0
Kleb,0,0,1,0,0
Kleb,1,0,1,0,0
Kleb,0,1,1,0,0
Kleb,1,1,1,0,0
Kleb,0,0,0,1,0
Kleb,1,0,0,1,0
Kleb,0,1,0,1,0
Kleb,1,1,0,1,0
Kleb,0,0,1,1,0
Kleb,1,0,1,1,0
Kleb,0,1,1,1,0
Kleb,1,1,1,1,0
Kleb,0,0,0,0,1
Kleb,1,0,0,0,1
Kleb,0,1,0,0,1
Kleb,1,1,0,0,1
Kleb,0,0,1,0,1
Kleb,1,0,1,0,1
Kleb,0,1,1,0,1
Kleb,1,1,1,0,1
Kleb,0,0,0,1,1
Kleb,1,0,0,1,1
Kleb,0,1,0,1,1
Kleb,1,1,0,1,1
Kleb,0,0,1,1,1
Kleb,1,0,1,1,1
Kleb,0,1,1,1,1
Kleb,1,1,1,1,1
Se,0,0,0,0,0
Se,1,0,0,0,0
Se,0,1,0,0,0
Se,1,1,0,0,0
Se,0,0,1,0,0
Se,1,0,1,0,0
Se,0,1,1,0,0
Se,1,1,1,0,0
Se,0,0,0,1,0
Se,1,0,0,1,0
Se,0,1,0,1,0
Se,1,1,0,1,0
Se,0,0,1,1,0
Se,1,0,1,1,0
Se,0,1,1,1,0
Se,1,1,1,1,0
Se,0,0,0,0,1
Se,1,0,0,0,1
Se,0,1,0,0,1
Se,1,1,0,0,1
Se,0,0,1,0,1
Se,1,0,1,0,1
Se,0,1,1,0,1
Se,1,1,1,0,1
Se,0,0,0,1,1
Se,1,0,0,1,1
Se,0,1,0,1,1
Se,1,1,0,1,1
Se,0,0,1,1,1
Se,1,0,1,1,1
Se,0,1,1,1,1
Se,1,1,1,1,1