Genotype,Shorthand,Barcode,ReverseBarcode,ReplicateLabel,Cluster.ID,Cluster.Score,time_point_1
WT TEM-1,WT,GATGGCCTTTTGCCGGTT,AACCGGCAAAAGGCCATC,A,4,0,54
G238S,G,ACTGCGTTTTAATATTTT,AAAATATTAAAACGCAGT,A,88,0.020158,23871
E104K,E,TTGGCGCCTTCTCTTCTG,CAGAAGAGAAGGCGCCAA,A,47,0.025005,8481
A42G,A,CAGTGAGTCAGATATCTT,AAGATATCTGACTCACTG,A,13,0.089703,88
M182T,M,CCTAGCAGCTCGTAAGAG,CTCTTACGAGCTGCTAGG,A,113,0,25
g4205a,p,GTATTAGTTTTACTTTAG,CTAAAGTAAAACTAATAC,A,9,0,74
"G238S, E104K",EG,TGTATTGGTTAACGTTAC,GTAACGTTAACCAATACA,A,90,0.01824,34378
"G238S, A42G",AG,CAGCTGGTTGGTTCTCTA,TAGAGAACCAACCAGCTG,A,31,0.024667,2462
"G238S, M182T",GM,GATCCGATGATAGTAGTT,AACTACTATCATCGGATC,A,79,0.021556,14402
"G238S, g4205a",pG,ATAAGGTTTGTTTCCCTG,CAGGGAAACAAACCTTAT,A,28,0.029898,1966
"E104K, A42G",AE,ATTAGATTTATTAATATG,CATATTAATAAATCTAAT,A,33,0.030036,3259
"E104K, M182T",EM,GCTTCCTTTATTTGTTTA,TAAACAAATAAAGGAAGC,A,65,0.024352,10413
"E104K, g4205a",pE,CGACAACGTATCAAGCTC,GAGCTTGATACGTTGTCG,A,81,0.022664,14945
"A42G, M182T",AM,CGTACCCCTTGCTGGTGG,CCACCAGCAAGGGGTACG,A,111,0,13
"A42G, g4205a",pA,CTCATTTTAGACTTCGTT,AACGAAGTCTAAAATGAG,A,11,0.100001,77
"M182T, g4205a",pM,AGGGATCTGGAGTAGGTC,GACCTACTCCAGATCCCT,A,110,0,12
"G238S, E104K, A42G",AEG,AGCATGCTCTGCCGAGAA,TTCTCGGCAGAGCATGCT,A,55,0.024177,9241
"G238S, E104K, M182T",EGM,CAATATACTCTGTACTAA,TTAGTACAGAGTATATTG,A,48,0.015198,8632
"G238S, E104K, g4205a",pEG,AACGGTTGGACCGAGCGG,CCGCTCGGTCCAACCGTT,A,30,0.02935,2344
"G238S, A42G, M182T",AGM,GGCAGGTGAATCTACCAG,CTGGTAGATTCACCTGCC,A,26,0.029672,1653
"G238S, A42G, g4205a",pAG,AAGTGTTCGCATTGCAAG,CTTGCAATGCGAACACTT,A,23,0.046965,1153
"G238S, M182T, g4205a",pGM,TTTGTTGCTCTTTCGATG,CATCGAAAGAGCAACAAA,A,49,0.027387,8715
"E104K, A42G, M182T",AEM,GTGCGAAAGCATTACACT,AGTGTAATGCTTTCGCAC,A,92,0.017085,40851
"E104K, A42G, g4205a",pAE,ATAAATATGTGGTCCCTG,CAGGGACCACATATTTAT,A,54,0.023566,9088
"E104K, M182T, g4205a",pEM,AGTCGTGTGGGGGCCTAC,GTAGGCCCCCACACGACT,A,35,0.026123,4605
"A42G, M182T, g4205a",pAM,TTAACACATGGTATTTAC,GTAAATACCATGTGTTAA,A,17,0.041437,223
"G238S, E104K, A42G, M182T",AEGM,ACGAACTTTGCTTTCTTT,AAAGAAAGCAAAGTTCGT,A,25,0.022745,1353
"G238S, E104K, A42G, g4205a",pAEG,TATTTGAGTTATTAGTTC,GAACTAATAACTCAAATA,A,20,0.038271,490
"G238S, E104K, M182T, g4205a",pEGM,ATATTTTACCGTCTTAAA,TTTAAGACGGTAAAATAT,A,18,0.042401,434
"E104K, A42G, M182T, g4205a",pAEM,GCATCGCTCTCATGGGTA,TACCCATGAGAGCGATGC,A,67,0.024016,10583
"G238S, A42G, M182T, g4205a",pAGM,TTAGCTTGGTTTCTGTCT,AGACAGAAACCAAGCTAA,A,37,0.022737,4963
"G238S, E104K, A42G, M182T, g4205a",pAEGM,CTGTTTTTGAACTTGAAG,CTTCAAGTTCAAAAACAG,A,41,0.029156,5737
WT TEM-1,WT,ATTCGTAAACTTCTGGTT,AACCAGAAGTTTACGAAT,B,112,0,26
G238S,G,CCAACTGTAAGCCTATTT,AAATAGGCTTACAGTTGG,B,87,0.014368,22253
E104K,E,GGAGCAGTAGAGGTGGTA,TACCACCTCTACTGCTCC,B,56,0.026029,9249
A42G,A,GTAGCCATTTACTTCTGT,ACAGAAGTAAATGGCTAC,B,12,0,80
M182T,M,TCCAAAGGGTGGCACGAG,CTCGTGCCACCCTTTGGA,B,125,0,26
g4205a,p,TTGAGTCCCGAGGGTGGT,ACCACCCTCGGGACTCAA,B,16,0.063068,135
"G238S, E104K",EG,TAACGCGAGTCGTAATCT,AGATTACGACTCGCGTTA,B,71,0.021078,11826
"G238S, A42G",AG,ATAGTTATTTTGGAACTA,TAGTTCCAAAATAACTAT,B,84,0.026726,18309
"G238S, M182T",GM,TATCCGTCCTCGGCAGAG,CTCTGCCGAGGACGGATA,B,78,0.023126,14156
"G238S, g4205a",pG,AATTTAAGTATAGAGGGG,CCCCTCTATACTTAAATT,B,29,0.034811,2192
"E104K, A42G",AE,GTTTCCTCTAAAGATTTC,GAAATCTTTAGAGGAAAC,B,63,0.023988,9750
"E104K, M182T",EM,GCGAGATGATTAGAGAGA,TCTCTCTAATCATCTCGC,B,42,0.022279,6006
"E104K, g4205a",pE,TCCGACCATTAAGGGTTA,TAACCCTTAATGGTCGGA,B,70,0.018756,11283
"A42G, M182T",AM,AGAACTTGGTAACGGGGC,GCCCCGTTACCAAGTTCT,B,123,0.258019,23
"A42G, g4205a",pA,CATTCATATTAAAGTTTG,CAAACTTTAATATGAATG,B,19,0.038672,484
"M182T, g4205a",pM,AATGTGCGTTAATAGATT,AATCTATTAACGCACATT,B,2,0.135036,53
"G238S, E104K, A42G",AEG,TCCACGTACATAAATGTT,AACATTTATGTACGTGGA,B,59,0.016764,9636
"G238S, E104K, M182T",EGM,CATCTAATTTATTGGGTA,TACCCAATAAATTAGATG,B,61,0.019584,9659
"G238S, E104K, g4205a",pEG,CCATTTGATTTTAAGCTC,GAGCTTAAAATCAAATGG,B,32,0.027132,2937
"G238S, A42G, M182T",AGM,TTTAGCCCCATCACTAAC,GTTAGTGATGGGGCTAAA,B,72,0.02021,12417
"G238S, A42G, g4205a",pAG,ACAGGAGACGGTATCTTT,AAAGATACCGTCTCCTGT,B,58,0.035381,9408
"G238S, M182T, g4205a",pGM,TCCGGTACGATTACAACG,CGTTGTAATCGTACCGGA,B,82,0.023766,14998
"E104K, A42G, M182T",AEM,TTGCATAGTTTCATAATA,TATTATGAAACTATGCAA,B,52,0.029531,8976
"E104K, A42G, g4205a",pAE,CACCATCCTACAACTAAA,TTTAGTTGTAGGATGGTG,B,76,0.016595,12999
"E104K, M182T, g4205a",pEM,GCGTCCTCGAGTCTTTAC,GTAAAGACTCGAGGACGC,B,69,0.021241,11232
"A42G, M182T, g4205a",pAM,TTGTTTATTTACCGGACT,AGTCCGGTAAATAAACAA,B,21,0.021142,491
"G238S, E104K, A42G, M182T",AEGM,GAAAACATACGGCGTGGT,ACCACGCCGTATGTTTTC,B,74,0.021867,12748
"G238S, E104K, A42G, g4205a",pAEG,ACGTAAAGTAAGACTTCA,TGAAGTCTTACTTTACGT,B,62,0.012695,9731
"G238S, E104K, M182T, g4205a",pEGM,GCCGCGGCGTGTGTGGTT,AACCACACACGCCGCGGC,B,46,0.034866,8478
"E104K, A42G, M182T, g4205a",pAEM,CATAGTCACCGGCTAGAT,ATCTAGCCGGTGACTATG,B,80,0.016669,14872
"G238S, A42G, M182T, g4205a",pAGM,GATAGGGTATATTGGCAC,GTGCCAATATACCCTATC,B,40,0.066425,5453
"G238S, E104K, A42G, M182T, g4205a",pAEGM,TGAAGCACGTAAACTATC,GATAGTTTACGTGCTTCA,B,51,0.017849,8962
WT TEM-1,WT,GAGTCGTGCATTGAGTTC,GAACTCAATGCACGACTC,C,117,0,19
G238S,G,CAGGGTCATACGAGCTTC,GAAGCTCGTATGACCCTG,C,86,0.021283,21925
E104K,E,ATAAAGGATGTGACTGTA,TACAGTCACATCCTTTAT,C,57,0.021086,9358
A42G,A,TTCGCATTATATTCCGTC,GACGGAATATAATGCGAA,C,1,0,43
M182T,M,TGTGATTTACACACGTCC,GGACGTGTGTAAATCACA,C,10,0.100001,77
g4205a,p,TACTTTTAAACTATAAGA,TCTTATAGTTTAAAAGTA,C,15,0,121
"G238S, E104K",EG,GAGGGTGTGATTAGCAAT,ATTGCTAATCACACCCTC,C,64,0.02286,9864
"G238S, A42G",AG,ACTACAGTAATAGTGCAT,ATGCACTATTACTGTAGT,C,91,0.020339,35951
"G238S, M182T",GM,TCCCTAGCATGGATTGGC,GCCAATCCATGCTAGGGA,C,83,0.01963,15520
"G238S, g4205a",pG,TAGGTTAATTCTCGGTGA,TCACCGAGAATTAACCTA,C,27,0.027656,1795
"E104K, A42G",AE,TTTTTCCTCCGCTCTGGT,ACCAGAGCGGAGGAAAAA,C,68,0.028009,10965
"E104K, M182T",EM,GTGTGAGACGCAGTTTAG,CTAAACTGCGTCTCACAC,C,66,0.022549,10478
"E104K, g4205a",pE,GCTGGTCCGATCAGATAT,ATATCTGATCGGACCAGC,C,36,0.0276,4678
"A42G, M182T",AM,TTGGGACCTCTTTGGGTA,TACCCAAAGAGGTCCCAA,C,104,0,14
"A42G, g4205a",pA,CAGGTTTTAGCATATGCC,GGCATATGCTAAAACCTG,C,22,0.044665,612
"M182T, g4205a",pM,TATCATAGTGAGTTCCAT,ATGGAACTCACTATGATA,C,14,0.073066,113
"G238S, E104K, A42G",AEG,ACTGCTTAGCAGTTTGTC,GACAAACTGCTAAGCAGT,C,73,0.017735,12640
"G238S, E104K, M182T",EGM,TAGTGCTTGTTCAGGGGT,ACCCCTGAACAAGCACTA,C,77,0.020752,13547
"G238S, E104K, g4205a",pEG,TTGCGGAAGTGGTCGTGG,CCACGACCACTTCCGCAA,C,24,0.038245,1226
"G238S, A42G, M182T",AGM,TTTGTGTAGGTACTATCC,GGATAGTACCTACACAAA,C,50,0.015793,8946
"G238S, A42G, g4205a",pAG,TTGAAATGCTTTCGGTTA,TAACCGAAAGCATTTCAA,C,43,0.031701,6118
"G238S, M182T, g4205a",pGM,AACCTAATTCTTAACGGA,TCCGTTAAGAATTAGGTT,C,39,0.025498,5132
"E104K, A42G, M182T",AEM,GCAGTATGCGGAAAAGCT,AGCTTTTCCGCATACTGC,C,75,0.020828,12990
"E104K, A42G, g4205a",pAE,AATCATTCAAATCGAAGA,TCTTCGATTTGAATGATT,C,85,0.022546,18681
"E104K, M182T, g4205a",pEM,TTTGGACCACTTTTCTGT,ACAGAAAAGTGGTCCAAA,C,38,0.026176,4977
"A42G, M182T, g4205a",pAM,AAAGTTTGAGGAATAACG,CGTTATTCCTCAAACTTT,C,3,0.135036,53
"G238S, E104K, A42G, M182T",AEGM,AGTCATGGCATTATGAAA,TTTCATAATGCCATGACT,C,45,0.028113,7748
"G238S, E104K, A42G, g4205a",pAEG,AGTGCAGGTTTAAATACT,AGTATTTAAACCTGCACT,C,34,0.020677,3527
"G238S, E104K, M182T, g4205a",pEGM,GTAGTAGGTGTCTCAGAC,GTCTGAGACACCTACTAC,C,44,0.025772,6238
"E104K, A42G, M182T, g4205a",pAEM,GAGAGGCTAAGGTGAAAC,GTTTCACCTTAGCCTCTC,C,60,0.019603,9648
"G238S, A42G, M182T, g4205a",pAGM,TAGCATCGGGTCAGGGCG,CGCCCTGACCCGATGCTA,C,89,0.025579,25565
"G238S, E104K, A42G, M182T, g4205a",pAEGM,TTGGTTGCACCAGACATT,AATGTCTGGTGCAACCAA,C,53,0.018802,9001
null mutant,null,AACTATCTATATAGACCG,CGGTCTATATAGATAGTT,A,109,0,1
null mutant,null,CGATACTTAGAGTATTTC,GAAATACTCTAAGTATCG,B,102,0,3
null mutant,null,TTTGTGAACTCGGTTTCC,GGAAACCGAGTTCACAAA,C,106,0,1
NA,NA,NA,CACGTACGCGCGCAACTG,NA,5,0.205593,31
NA,NA,NA,AACGTACGCGCGCAACTG,NA,6,0.503258,18
NA,NA,NA,AGCGTACGCGCGCAACTG,NA,7,0,10
NA,NA,NA,GGCGTACGCGCGCAACTG,NA,8,0,2
NA,NA,NA,CTTCGATTTGAATGATTT,NA,93,0,1
NA,NA,NA,AACCAATACACGTACGCG,NA,94,0.918296,3
NA,NA,NA,AGTGTCCAAACGTACGCG,NA,95,0,1
NA,NA,NA,CGGTAAAATACGTACGCG,NA,96,0,1
NA,NA,NA,TTAAAGCAGTCGTACGCG,NA,97,1,4
NA,NA,NA,ACAAACTGCTAAGCACTA,NA,98,0,1
NA,NA,NA,TGCCATGACTCGTACGCG,NA,99,0,4
NA,NA,NA,GATTACGACTCGTACGCG,NA,100,0,1
NA,NA,NA,TGCGTCACACCGTACGCG,NA,101,0,1
NA,NA,NA,ACTCGCGTTACGTACGCG,NA,103,0,1
NA,NA,NA,GCAAAGTTGTCGTACGCG,NA,105,0,1
NA,NA,NA,GAAGGCGCAACGTACGCG,NA,107,0,6
NA,NA,NA,AACCACTAATACTCTAGA,NA,108,0,1
NA,NA,NA,GATAGTACCCACACGACT,NA,114,0,1
NA,NA,NA,GTGTAATGCTTTCGCACT,NA,115,0,1
NA,NA,NA,ATAAGGAAGCCGTACGCG,NA,116,0.958712,21
NA,NA,NA,CCACGCCGTATGACCCTG,NA,118,0,1
NA,NA,NA,AAGCAAAGTTCGTACGCG,NA,119,0,2
NA,NA,NA,AAGCTCGTATGACCCCTG,NA,120,0,1
NA,NA,NA,AAATAAACAACGTACGCG,NA,121,0,3
NA,NA,NA,CAAACCTTATCGTACGCG,NA,122,0,2
NA,NA,NA,CCAGAGCGGAGGAAAAAA,NA,124,0,1
