Unique.reads,Frequency,Cluster.ID
CTCTGCCGAGGACGGATA,35,1
TTTAGTTGTAGGATGGTG,38,2
TTTAGTTGTAGGATGATG,1,2
AGTATTTAAACCTGCACT,40,3
AGACAGAAACCAAGCTAA,52,4
ATCTAGCCGGTGACTATG,57,5
TCTTCGATTTGAATGATT,58,6
TCTTCGATTTGAATCATT,1,6
AAATAGGCTTACAGTTGG,61,7
GAAGCTCGTATGACCCTG,61,8
GAAGCTCGTATGACCATG,1,8
TTTAAGACGGTAAAATAT,101,9
TTTTAGACGGTAAAATAT,1,9
TTTAAGACGTTAAAATAT,1,9
TTTAAGACGGTAAAATAA,1,9
AATCTATTAACGCACATT,116,10
AATCTATTAACTCACATT,1,10
AATCTATTAACGCACTTT,1,10
AATCTATTAACGCAAATT,1,10
AGCGTACGCGCGCAACTG,138,11
AGCGTTCGCGCGCAACTG,1,11
AGCGTACGCGCGCAAATG,1,11
AGCGTACGCGCGCTACTG,1,11
TACGTACGCGCGCAACTG,29,12
AACGTACGCGCGCAACTG,1,13
TTAGTACAGAGTATATTG,398,14
TTAGTACATAGTATATTG,2,14
TTAGTACAGAGTATAATG,1,14
TTAGAACAGAGTATATTG,1,14
TTTGTACAGAGTATATTG,1,14
TTTCATAATGCCATGACT,1635,15
TTTCATAATGCCATGGCT,3,15
TTTCATAATGCCATAACT,3,15
TTTTATAATGCCATGACT,3,15
TTTCATAATGCCGTGACT,2,15
TTTCATAAAGCCATGACT,2,15
TTTCATAATTCCATGACT,2,15
TTTCATAATGCAATGACT,2,15
TTTCACAATGCCATGACT,1,15
TTTCATAATGCCATGATT,1,15
TTTCATGATGCCATGACT,1,15
TTTCATAATGACATGACT,1,15
TTTCATAATGCGATGACT,1,15
TTTCATAATACCATGACT,1,15
TTTCATAATGCCATGTCT,1,15
TTTCATAATGGCATGACT,1,15
TTTCAAAATGCCATGACT,1,15
CTTCATAATGCCATGACT,2,15
TATCATAATGCCATGACT,1,15
TTACATAATGCCATGACT,1,15
TTTCATAATGCCATGACA,1,15
TTTCATAATGCCAAGACT,1,15
CGCCCTGACCCGATGCTA,5907,16
CGCCCAGACCCGATGCTA,3,16
CGCCCTGACCCTATGCTA,9,16
CGCCCTAACCCGATGCTA,9,16
CGCCCTGACCCAATGCTA,7,16
CGCCCTGACACGATGCTA,7,16
CGCCATGACCCGATGCTA,7,16
CGCCCTGCCCCGATGCTA,6,16
CGCCCTGACCAGATGCTA,6,16
CGCCCTGACCCGTTGCTA,4,16
CGCTCTGACCCGATGCTA,4,16
CGCCCCGACCCGATGCTA,4,16
CGCCCTTACCCGATGCTA,4,16
CGCCCTGACTCGATGCTA,4,16
CGCCCTGACCCGATGATA,4,16
CGCCCTGATCCGATGCTA,3,16
CGCCCTGAACCGATGCTA,3,16
CGCCCTGACCTGATGCTA,3,16
CGCCTTGACCCGATGCTA,2,16
CGCCCTGACCCCATGCTA,2,16
CGCCCTGACCCGGTGCTA,2,16
CGCCCTGACCCGATGCCA,2,16
CGCCCTGAGCCGATGCTA,1,16
CGCCGTGACCCGATGCTA,1,16
CGCCCTGACCCGATGCAA,1,16
CGCCCTGACCGGATGCTA,1,16
CGCCCTGACCCGATTCTA,1,16
CGCCCTGACCCGATACTA,1,16
CGCCCTGTCCCGATGCTA,1,16
CGCCCTCACCCGATGCTA,1,16
CGCACTGACCCGATGCTA,1,16
AGCCCTGACCCGATGCTA,7,16
CACCCTGACCCGATGCTA,4,16
CGCCCTGACCCGATGCTG,4,16
TACCCTGACCCGATGCTA,2,16
CCCCCTGACCCGATGCTA,2,16
GGCCCTGACCCGATGCTA,2,16
TGCCCTGACCCGATGCTA,2,16
CTCCCTGACCCGATGCTA,2,16
ACCCCTGACCCGATGCTA,1,16
AGACCTGACCCGATGCTA,1,16
CGACCTGACCCGATGCTA,1,16
CGCCCTGACCCGAAGCTA,1,16
CGCCCTGACCCGACGCTA,1,16
CGGCCTGACCCGATGCTA,1,16
CGTCCTGACCCGATGCTA,1,16
AAAGAAAGCAAAGTTCGT,7070,17
AAAGAAAGCTAAGTTCGT,3,17
AAAGAAAGCAAAGTTAGT,12,17
AAAGAAAGCAAAGTTCTT,5,17
AAAGAAAGCAAAATTCGT,4,17
AAAGAAAGAAAAGTTCGT,4,17
AAAGAAAGCAAAGTTCAT,4,17
AAATAAAGCAAAGTTCGT,4,17
AAAGAAAGCATAGTTCGT,4,17
AAAGAAAGCAAAGTACGT,4,17
AAAGAAAGCAAATTTCGT,4,17
AAAGAAAGCGAAGTTCGT,3,17
AAAGATAGCAAAGTTCGT,3,17
AAAGAATGCAAAGTTCGT,2,17
AAAGAAAGCAAACTTCGT,2,17
AAAGAAAGCAATGTTCGT,2,17
AAAGAAAGTAAAGTTCGT,2,17
AAAGAAATCAAAGTTCGT,2,17
AAAGGAAGCAAAGTTCGT,2,17
AAAGAAAACAAAGTTCGT,2,17
AAAGTAAGCAAAGTTCGT,2,17
AAAGAAAGCAGAGTTCGT,1,17
AAAGCAAGCAAAGTTCGT,1,17
AAAGAAAGCAAAGTCCGT,1,17
AAAAAAAGCAAAGTTCGT,1,17
AAAGAACGCAAAGTTCGT,1,17
AAAGAGAGCAAAGTTCGT,1,17
AAAGAAGGCAAAGTTCGT,1,17
AAAGAAACCAAAGTTCGT,1,17
AAAGAAAGCAAAGTTCCT,1,17
AAAGAAAGCAAAGTTGGT,1,17
AAAGAAAGCAAAGTTCGA,7,17
AATGAAAGCAAAGTTCGT,5,17
AAAGAAAGCAAAGCTCGT,3,17
GAAGAAAGCAAAGTTCGT,3,17
AAGGAAAGCAAAGTTCGT,2,17
AGAGAAAGCAAAGTTCGT,2,17
AAAGAAAGCAAAGTTCGC,1,17
AAAGAAAGCAAAGATCGT,1,17
AAAGAAAGCAAAGGTCGT,1,17
TAAGAAAGCAAAGTTCGT,1,17
ATAGAAAGCAAAGTTCGT,1,17
TTCTCGGCAGAGCATGCT,7631,18
TTCTAGGCAGAGCATGCT,3,18
TTCTTGGCAGAGCATGCT,15,18
TTCTCTGCAGAGCATGCT,13,18
TTCTCGTCAGAGCATGCT,9,18
TTCTCGGAAGAGCATGCT,7,18
TTCTCGGCAGAGCATGAT,6,18
TTCTCGGTAGAGCATGCT,5,18
TTCTCGGCAGAGCATTCT,5,18
TTCTCGGCAGCGCATGCT,4,18
TTCTCGGCAGAGCATCCT,4,18
TTCTCGGGAGAGCATGCT,4,18
TTCTCGGCAGAGCATGTT,4,18
TTCTCGGCATAGCATGCT,4,18
TTCTCCGCAGAGCATGCT,4,18
TTCTCGGCTGAGCATGCT,3,18
TTCTCGGCAGAGCATACT,3,18
TTCTCGGCAGACCATGCT,3,18
TTCTCGGCAGAACATGCT,3,18
TTCTCGGCAGAGAATGCT,3,18
TTCACGGCAGAGCATGCT,2,18
TTCTCAGCAGAGCATGCT,2,18
TTCTCGGCAGAGCAAGCT,2,18
TTCTCGGCAGATCATGCT,2,18
TTCTCGGCAGGGCATGCT,2,18
TTCTCGACAGAGCATGCT,2,18
TTCTCGCCAGAGCATGCT,1,18
TTCCCGGCAGAGCATGCT,1,18
TTCTCGGCAGTGCATGCT,1,18
TTCTCGGCAGAGCATGGT,1,18
TTCGCGGCAGAGCATGCT,1,18
TTCTCGGCAGAGTATGCT,1,18
TTCTCGGCAGAGCACGCT,1,18
TTCTAAGCAGAGCATGCT,1,18
TTCTCGGCGGAGCATGCT,1,18
TACTCGGCAGAGCATGCT,4,18
TTCTCGGCAGAGCATGCA,4,18
GTCTCGGCAGAGCATGCT,4,18
TCCTCGGCAGAGCATGCT,3,18
TTATCGGCAGAGCATGCT,3,18
TTCTCGGCAGAGCATGCC,3,18
ATCTCGGCAGAGCATGCT,2,18
CTCTCGGCAGAGCATGCT,2,18
TTCTCGGCAGAGCGTGCT,2,18
TTCTCGGCAGAGCTTGCT,1,18
TACCCAATAAATTAGATG,11579,19
TACACAATAAATTAGATG,17,19
TACTCAATAAATTAGATG,5,19
TACTTAATAAATTAGATG,3,19
TACCCGATAAATTAGATG,8,19
TACCCAATAAATTAAATG,7,19
TACGCAATAAATTAGATG,6,19
TACCCAATAAATAAGATG,5,19
TACCCAATAAATTATATG,5,19
TACCAAATAAATTAGATG,5,19
TACCCAATAAATCAGATG,4,19
TACCCAATATATTAGATG,4,19
TACCCAATAAATTAGACG,4,19
TACCCAATAATTTAGATG,4,19
TACCTAATAAATTAGATG,3,19
TACCCAAAAAATTAGATG,3,19
TACCCAATAAATTAGAAG,3,19
TACCCAATAAATTACATG,3,19
TACCCTATAAATTAGATG,2,19
TACCGAATAAATTAGATG,2,19
TACACAATAAAATAGATG,1,19
TACCCAATAAGTTAGATG,1,19
TACCCAATTAATTAGATG,1,19
TACCCAATAAAGTAGATG,1,19
TACCCAATAAATTAGCTG,1,19
TACCCAATAAAAAAGATG,1,19
TACCCATTAAATTAGATG,1,19
TACCCAATAGATTAGATG,1,19
TACCCAATAAATTAGTTG,1,19
TACCCAATAAATTAGGTG,1,19
TACCCAACAAATTAGATG,1,19
TAACCAATAAATTAGATG,9,19
AACCCAATAAATTAGATG,5,19
AACCCAATAAATAAGATG,1,19
TACCCAATAAATTAGATC,4,19
TATCCAATAAATTAGATG,4,19
TACCCAATAAATTAGATA,3,19
CACCCAATAAATTAGATG,3,19
TACCCAATAAATTTGATG,2,19
TAGCCAATAAATTAGATG,2,19
TCCCCAATAAATTAGATG,2,19
TTCCCAATAAATTAGATG,2,19
GACCCAATAAATTAGATG,1,19
TACCCAATAAATTAGATT,1,19
TGCCCAATAAATTAGATG,1,19
ATCCCAATAAAATAGATG,1,19
TGAAGTCTTACTTTACGT,13432,20
TGAAGTCCTACTTTACGT,3,20
TGAAGTATTACTTTACGT,12,20
TGAAGTCTTACTATACGT,11,20
TGAAGTTTTACTTTACGT,8,20
TGAAGTCTTACTTTATGT,6,20
TGAAGTCATACTTTACGT,6,20
TGAAGTCTTACTTTACTT,5,20
TGAAGTCTTACATTACGT,5,20
TGAAGTCTTACTTTACAT,5,20
TGAAGTCTTACTTTAAGT,5,20
TGAAGTCTTAATTTACGT,4,20
TGAAGCCTTACTTTACGT,4,20
TGAGGTCTTACTTTACGT,4,20
TGAAGTCTAACTTTACGT,3,20
TGAAGTCTCACTTTACGT,3,20
TGATGTCTTACTTTACGT,3,20
TGAATTCTTACTTTACGT,2,20
TGAAGTCTTTCTTTACGT,2,20
TGAAGTGTTACTTTACGT,2,20
TGAAGTCTTACTGTACGT,2,20
TGAAGTCTTACTCTACGT,2,20
TGAAGTCTTAGTTTACGT,2,20
TGAAGTCTTGCTATACGT,1,20
TGAAGTCTGACTTTACGT,1,20
TGAAGTCTTACTTTGCGT,1,20
TGAAGTCTTGCTTTACGT,1,20
TGAAGTCTTATTTTACGT,1,20
TGAAGGCTTACTTTACGT,1,20
TGAAGTCTTACGTTACGT,1,20
TGAAGTCTTACTTTTCGT,1,20
TGAAGACTTACTTTACGT,1,20
TGAAGTCGTACTTTACGT,1,20
TGAAGTCTTACTTTAGGT,1,20
TGAAGTCTTACCTTACGT,1,20
TAAAGTCTTACTTTACGT,11,20
TGAAGTCTTACTTCACGT,8,20
TTAAGTCTTACTTTACGT,4,20
TTAAGTATTAATTTACGT,1,20
TGAAGTCTTACTTTACGA,4,20
TGAAGTCTTACTTTACGC,4,20
AGAAGTCTTACTTTACGT,3,20
NGAAGTCTTACTTTACGT,1,20
TGTAGTCTTACTTTACGT,4,20
TCAAGTCTTACTTTACGT,3,20
TGGAGTCTTACTTTACGT,3,20
TGAAGTCTTACTTAACGT,2,20
CGAAGTCTTACTTTACGT,2,20
TGAAGTCTTACTTTACGG,1,20
GGAAGTCTTACTTTACGT,1,20
TGCAGTCTTACTTTACGT,1,20
ACCCCTGAACAAGCACTA,25200,21
ACCCGTGAACAAGCACTA,3,21
ACCACTGAACAAGCACTA,18,21
ACCCCTGAACAGGCACTA,15,21
ACCCCAGAACAAGCACTA,12,21
ACCCCTTAACAAGCACTA,11,21
ACCCCTGAAAAAGCACTA,11,21
ACCCCTGAACAAGCACCA,10,21
ACCCCTGAACAAGCACAA,10,21
ACCCCTGAACAAGCAATA,9,21
ACCCCTGATCAAGCACTA,8,21
ACCCCTGAACAAGCGCTA,8,21
ACCCCCGAACAAGCACTA,8,21
ACCTCTGAACAAGCACTA,8,21
ACCCCTGAACAAGCATTA,8,21
ACCCTTGAACAAGCACTA,7,21
ACCCCTGAACGAGCACTA,7,21
ACCCCTGAATAAGCACTA,5,21
ACCCCTGAACATGCACTA,5,21
ACCCCTGAACAAGCTCTA,4,21
ACCGCTGAACAAGCACTA,4,21
ACCCCTGAACAACCACTA,4,21
ACCCCTGAACTAGCACTA,4,21
ACCCCTGAACAATCACTA,4,21
ACCCCTGAACACGCACTA,3,21
ACCCCTGGACAAGCACTA,3,21
ACCCCTGAACAAACACTA,2,21
ACCCCTGCACAAGCACTA,2,21
ACCCCTCAACAAGCACTA,2,21
ACCCCTGTACAAGCACTA,2,21
ACCCCTGAGCAAGCACTA,2,21
ACCCCTGAAGAAGCACTA,1,21
ACCTCTGAACAATCACTA,1,21
ACCCCGGAACAAGCACTA,1,21
ACCCCTGAACAAGCAGTA,1,21
ACCCCTGAACCAGCACTA,1,21
ACCCCTCAACAATCACTA,1,21
ACCCGTGAACAAGCGCTA,1,21
ACCACTGAACGAGCACTA,1,21
ACCCCTAAACAAGCACTA,35,21
ACCCCTAAACAAGCAATA,1,21
ACCCCTGAACAAGAACTA,24,21
ACCACTGAACAAGAACTA,1,21
ACCCATGAACAAGCACTA,24,21
ACCAATGAACAAGCACTA,1,21
ACACCTGAACAAGCACTA,20,21
GCCCCTGAACAAGCACTA,15,21
GCCCCTGAACAAGCATTA,1,21
CCCCCTGAACAAGCACTA,9,21
CCCCCTCAACAAGCACTA,1,21
AACCCTGAACAAGCACTA,8,21
ACCCCTGAACAAGTACTA,8,21
ACTCCTGAACAAGCACTA,6,21
ACCCCTGAACAAGCACTG,5,21
ACCCCTGAACAAGGACTA,4,21
AGCCCTGAACAAGCACTA,4,21
ATCCCTGAACAAGCACTA,4,21
TCCCCTGAACAAGCACTA,3,21
ACCCCTGAACAAGCACTT,3,21
ACCCCTGAACAAGCACTC,1,21
ACGCCTGAACAAGCACTA,1,21
AACCACACACGCCGCGGC,25802,22
AACCACAGACGCCGCGGC,3,22
AACCACACACGCAGCGGC,22,22
AACCACACACGCCGCAGC,19,22
AACCACACACTCCGCGGC,18,22
AACCACAAACGCCGCGGC,17,22
AACAACACACGCCGCGGC,15,22
AACCACACACGACGCGGC,14,22
AACCACACACGCTGCGGC,14,22
AACCACACACACCGCGGC,13,22
AACCTCACACGCCGCGGC,11,22
AACCACACAAGCCGCGGC,10,22
AACCACACACGCCGTGGC,10,22
AACCGCACACGCCGCGGC,8,22
AACCACGCACGCCGCGGC,8,22
AACCACACACGGCGCGGC,8,22
AACCACATACGCCGCGGC,8,22
AACCACACATGCCGCGGC,7,22
AACCACACACGCCGCGTC,7,22
AACCACACACGCCGCGAC,7,22
AACCACACACGCCGCGCC,7,22
AACTACACACGCCGCGGC,6,22
AACCACACACGCCGCTGC,6,22
AACCACACACGTCGCGGC,5,22
AACCATACACGCCGCGGC,4,22
AACCAAACACGCCGCGGC,4,22
AACGACACACGCCGCGGC,3,22
AACCACACACGCCGCCGC,3,22
AACCACACACCCCGCGGC,3,22
AACCACACAGGCCGCGGC,3,22
AACCACACACGCCGGGGC,3,22
AACCCCACACGCCGCGGC,2,22
AACCACACCCGCCGCGGC,2,22
AACCACCCACGCCGCGGC,2,22
AACCACTCACGCCGCGGC,1,22
AACCACACTCGCCGCGGC,1,22
AACAACACGCGCCGCGGC,1,22
AACCACACGCGCCGCGGC,1,22
AACCACTCACTCCGCGGC,1,22
NACCACACACGCCGCGGC,1,22
AACCACACACGCGGCGGC,1,22
AACCACACACGCCGCGGA,42,22
AACCACACACGCCGCAGA,1,22
TACCACACACGCCGCGGC,32,22
AACCACACACGCCGAGGC,26,22
AACCACACACGCCTCGGC,12,22
AACCACACACGCCGCGGT,12,22
AAACACACACGCCGCGGC,10,22
AACCACACACGCCACGGC,10,22
AATCACACACGCCGCGGC,7,22
AATTACACACGCCGCGGC,1,22
GACCACACACGCCGCGGC,5,22
ACCCACACACGCCGCGGC,5,22
AACCACACACGCCGCGGG,4,22
ATCCACACACGCCGCGGC,4,22
AACCACACACGCCCCGGC,3,22
AAGCACACACGCCGCGGC,2,22
AGCCACACACGCCGCGGC,2,22
CCCCACACACGCCGCGGC,1,22
CAAAGAAAACGTCCTACA,1,23
GACAAACTGCTAAGCAGT,27433,24
GACAAACTCCTAAGCAGT,3,24
GACAAACTGCTAAGAAGT,22,24
GACAAACTACTAAGCAGT,16,24
GACAAACTTCTAAGCAGT,13,24
GACAAACTGATAAGCAGT,12,24
GACAAACTGCTAAGCATT,10,24
GACAAACTGCTAAGTAGT,9,24
GACAGACTGCTAAGCAGT,9,24
GACAAACTGCTGAGCAGT,9,24
GACAAACTGCTTAGCAGT,9,24
GACAAGCTGCTAAGCAGT,8,24
GACGAACTGCTAAGCAGT,7,24
GACAAACCGCTAAGCAGT,7,24
GACTAACTGCTAAGCAGT,7,24
GACAAACTGCTAAGCTGT,7,24
GACAAACTGCAAAGCAGT,6,24
GACAAACTGCTAAGCGGT,6,24
GACAAAATGCTAAGCAGT,6,24
GACAATCTGCTAAGCAGT,6,24
GACAAATTGCTAAGCAGT,5,24
GACAAACTGCTAGGCAGT,4,24
GACAAACAGCTAAGCAGT,4,24
GACAAACTGTTAAGCAGT,4,24
GACAAACTGCTAAGCAAT,4,24
GACAAACTGCCAAGCAGT,4,24
GACAAACTGGTAAGCAGT,3,24
GACAAACTGCGAAGCAGT,3,24
GACATACTGCTAAGCAGT,3,24
GACAAACTGCTAAGCACT,3,24
GACAAAGTGCTAAGCAGT,3,24
GACAACCTGCTAAGCAGT,2,24
GACAAACTGCTAAGGAGT,2,24
GACAAACTGCTATGCAGT,2,24
GACAAACTGATAAGCACT,1,24
GACAAACTGCTAAGCCGT,1,24
GACCAACTGCTAAGCAGT,1,24
GACAAATTGCTAGGCAGT,1,24
GACAAACTGCTACGCAGT,1,24
AACAAACTGCTAAGCAGT,23,24
NACAAACTGCTAAGCAGT,1,24
GACAAACTGCTAAGCAGA,17,24
GACAAACTGATAAGCAGA,1,24
GACAAACTGCTAATCAGT,17,24
GACAAACTGCTAATTAGT,1,24
GAAAAACTGCTAAGCAGT,12,24
GTCAAACTGCTAAGCAGT,10,24
GACAAACTGCTAAGCAGC,7,24
TACAAACTGCTAAGCAGT,7,24
GATAAACTGCTAAGCAGT,7,24
GGCAAACTGCTAAGCAGT,7,24
GAGAAACTGCTAAGCAGT,6,24
GACAAACTGCTAACCAGT,5,24
GACAAACTGCTAAACAGT,4,24
GCCAAACTGCTAAGCAGT,4,24
CACAAACTGCTAAGCAGT,1,24
GAACTAATAACTCAAATA,46830,25
GAACTAATACCTCAAATA,3,25
GAACTATTAACTCAAATA,18,25
GAAATAATAACTCAAATA,16,25
GAACTGATAACTCAAATA,16,25
GAACTAATAAATCAAATA,16,25
GAACAAATAACTCAAATA,15,25
GAACTAATAACTCATATA,15,25
GAACTTATAACTCAAATA,15,25
GAATTAATAACTCAAATA,13,25
GAACTAATAACTCAATTA,11,25
GAACTAATAACGCAAATA,11,25
GAACTAATTACTCAAATA,11,25
GAACTAATAACTCAGATA,10,25
GAACTAATAACTCAAACA,10,25
GAACCAATAACTCAAATA,10,25
GAACTAAAAACTCAAATA,9,25
GAACTAGTAACTCAAATA,9,25
GAACTAATGACTCAAATA,9,25
GAACTAATAACTGAAATA,7,25
GAACTAATAACTCAAGTA,7,25
GAAGTAATAACTCAAATA,6,25
GAACTAAGAACTCAAATA,5,25
GAACTAATAACCCAAATA,5,25
GAACTAATAATTCAAATA,5,25
GAACTAATAGCTCAAATA,5,25
GAACTAATAAGTCAAATA,4,25
GAACTAACAACTCAAATA,3,25
GAACTCATAACTCAAATA,2,25
GAACTAATAACTCAAAGA,2,25
GAACGAATAACTCAAATA,2,25
GAACTAATAACTCAACTA,2,25
GAACTAATCACTCAAATA,1,25
GAACTACTAACTCAAATA,1,25
GANCTAATAACTCAAATA,1,25
AAACTAATAACTCAAATA,50,25
NAACTAATAACTCAAATA,2,25
GAACTAATAACTAAAATA,49,25
GAACTAATAACAAAAATA,1,25
GAACTAATAACTCAAAAA,41,25
GAAATAATAACTCAAAAA,1,25
GAACTAATAACTTAAATA,32,25
GAACTAATAACACAAATA,24,25
GAACTAAAAACACAAATA,1,25
TAACTAATAACTCAAATA,21,25
TAACTAATAACTAAAATA,2,25
TAAATAATAACTAAAAAA,1,25
GATCTAATAACTCAAATA,22,25
GATCTATTAACTCAAAAA,1,25
GAACTAATAACTCTAATA,16,25
GAGCTAATAACTCAAATA,16,25
GTACTAATAACTCAAATA,15,25
GGACTAATAACTCAAATA,11,25
GAACTAATAACTCGAATA,9,25
GCACTAATAACTCAAATA,8,25
CAACTAATAACTCAAATA,6,25
CAACTAATAACTCAAAAA,1,25
GAACTAATAACTCAAATT,7,25
GAACTAATAACTCAAATG,6,25
GACCTAATAACTCAAATA,5,25
GACCTAATAACTAAAATA,1,25
GAACTAATAACTCCAATA,1,25
GAACTAATATCTCAAATA,29,25
ACCACGCCGTATGTTTTC,56231,26
ACCACGCCGTATGTGTTC,3,26
ACCACACCGTATGTTTTC,23,26
ACCACGCCGTAAGTTTTC,21,26
ACCACGCCGTATGTTTAC,20,26
ACCATGCCGTATGTTTTC,19,26
ACCACGTCGTATGTTTTC,17,26
ACCACGCCGCATGTTTTC,16,26
ACCACGCCGTAGGTTTTC,15,26
ACCACGCCGTATGTCTTC,15,26
ACCACGCCGTATGTTATC,15,26
ACCACGCCGTATGTATTC,14,26
ACCACGCCGTATCTTTTC,14,26
ACCACGCCGTATATTTTC,14,26
ACCACGCCGTACGTTTTC,12,26
ACCACGTTGTATGTTTTC,11,26
ACCACGCCGAATGTTTTC,11,26
ACCACCCCGTATGTTTTC,10,26
ACCACGCCGTATGTTCTC,10,26
ACCACGCCGTGTGTTTTC,10,26
ACCGCGCCGTATGTTTTC,9,26
ACCACGCCGTTTGTTTTC,8,26
ACCACGCGGTATGTTTTC,6,26
ACCTCGCCGTATGTTTTC,6,26
ACCACGCCGTATGTTGTC,5,26
ACCACGGCGTATGTTTTC,5,26
ACCACGCCCTATGTTTTC,3,26
ACCAGGCCGTATGTTTTC,2,26
ACCATGCCGCATGTTTTC,1,26
ACCACGCCGGATGTTTTC,1,26
NCCACGCCGTATGTTTTC,1,26
ACCACGCCGTATGTTTGC,1,26
ACCACGCCGTATGTTTTA,79,26
ACCACGCCGTGTGTTTTA,3,26
ACCACGCCGTAGGTTTTA,1,26
ACCACGCCGTTTGTTTTA,1,26
ACCACGCCGTATGTTATA,1,26
ACAACGCCGTATGTTTTC,44,26
ACAACGACGTATGTTTTC,1,26
ACCACGACGTATGTTTTC,35,26
AACACGCCGTATGTTTTC,32,26
AACACGCAGTATGTTTTC,1,26
AACACGCCTTATGTTTTC,1,26
ACCACGCCGTATTTTTTC,27,26
ACCACGGCGTATTTTTTC,1,26
ACCAAGCCGTATGTTTTC,25,26
ACCACGCCGTATGATTTC,22,26
ACCACGCCGAATGATTTC,1,26
ACCACGCCCTATGATTTC,1,26
ACCACGCCGTATGTTTCC,24,26
GCCACGCCGTATGTTTTC,23,26
GCCACGCCGTATGTTATC,1,26
ACTACGCCGTATGTTTTC,21,26
ACCACGCCGTATGTTTTT,16,26
ACCACGCAGTATGTTTTT,1,26
AGCACGCCGTATGTTTTC,9,26
ATCACGCCGTATGTTTTC,9,26
ACCACGCCGTATGCTTTC,8,26
TCCACGCCGTATGTTTTC,8,26
ACGACGCCGTATGTTTTC,7,26
ACCACGCCGTATGTTTTG,6,26
ACCACGCCGTATGGTTTC,5,26
CCCACGCCGTATGTTTTC,5,26
AAAACGCCGTATGTTTTC,1,26
ACCCCGCCGTATGTTTTC,87,26
ACCCCGACGTATGTTTTC,1,26
ACCACGCAGTATGTTTTC,81,26
ACCACGAAGTATGTTTTC,1,26
ACCACGCTGTATGTTTTC,34,26
ACCACGCTGTATGTTCTC,1,26
ACCACGCCATATGTTTTC,34,26
ACCACGCCTTATGTTTTC,33,26
ACCACTCCGTATGTTTTC,31,26
ACCACTTCGTATGTTTTC,1,26
AACATTTATGTACGTGGA,69170,27
AACAGTTATGTACGTGGA,3,27
AACATTTATTTACGTGGA,23,27
AACATTTATGTACGAGGA,22,27
AACAATTATGTACGTGGA,19,27
AACATTCATGTACGTGGA,17,27
AACATTTTTGTACGTGGA,16,27
AACATTTATCTACGTGGA,16,27
AACATTAATGTACGTGGA,15,27
AACATTTACGTACGTGGA,15,27
AACATTTATGTTCGTGGA,13,27
AACATTTATGCACGTGGA,13,27
AACATTTATGTACGCGGA,11,27
AACATTTATGTACGTGCA,10,27
AACATTTATGTAGGTGGA,9,27
AACACTTATGTACGTGGA,9,27
AACGTTTATGTACGTGGA,9,27
AACATTTATGTACGTCGA,9,27
AACATCTATGTACGTGGA,8,27
AACTTTTATGTACGTGGA,8,27
AACATTTGTGTACGTGGA,7,27
AACATTTATGTCCGTGGA,5,27
AACATGTATGTACGTGGA,4,27
AACATTTATGGACGTGGA,2,27
AACATTGATGTACGTGGA,1,27
NACATTTATGTACGTGGA,1,27
AACATTTAGGTACGTGGA,1,27
AACATATATGTACGTCGA,1,27
AACATTTATGTACGTAAA,1,27
AACATCTATGTACGAGGA,1,27
AACATTTATGTACGGGGA,1,27
AACCTTTATGTACGTGGA,1,27
AACATTTCTGTACGTGGA,1,27
AACATTTATAAACGTGGA,1,27
AACATATATGTACGTGTA,1,27
AACATATATGTACGTGGA,31,27
AACATTTATATACGTGGA,31,27
AACATTTATGTACGTAGA,29,27
AACATTTATGTACGTGTA,28,27
AACATTTATGTATGTGGA,27,27
AACATTTATGAACGTGGA,26,27
AACATTTAAGTACGTGGA,25,27
AACATTTATGTACGTGAA,25,27
AACATTTATGTACGTTGA,42,27
AACATTTATGTAAGTGGA,39,27
AACATTTATGTGCGTGGA,37,27
AACATTTATGTACATGGA,49,27
AACATTTAAGTACATGGA,1,27
AACATTTATGTACATGCA,1,27
AACATTTATGTACTTGGA,32,27
AACGTTTATGTACTTGGA,1,27
AAAATTTATGTACGTGGA,27,27
GACATTTATGTACGTGGA,25,27
GACATTTATGTGCGTGGA,1,27
AACATTTATGTACGTGGT,22,27
AACATTTATGTACGTGGG,18,27
ATCATTTATGTACGTGGA,16,27
AATATTTATGTACGTGGA,13,27
TACATTTATGTACGTGGA,10,27
AACATTTATGTACGTGGC,9,27
AACATTTATGTACGTTGC,1,27
AACATTTATGTACCTGGA,9,27
AGCATTTATGTACGTGGA,6,27
ACCATTTATGTACGTGGA,5,27
AAGATTTATGTACGTGGA,3,27
CTTCAAGTTCAAAAACAG,140396,28
CTTCACGTTCAAAAACAG,3,28
CTTCAAATTCAAAAACAG,22,28
CTTCAACTTCAAAAACAG,21,28
CTTCAAGTTCTAAAACAG,21,28
CTTCAAGTTCAAGAACAG,17,28
CTTGAAGTTCAAAAACAG,16,28
CTTCAGGTTCAAAAACAG,16,28
CTTCAAGCTCAAAAACAG,16,28
CTTCAAGTTGAAAAACAG,14,28
CTTCAAGTTCAATAACAG,11,28
CTTCAAGTTCAAAAACTG,11,28
CTTCAAGTGCAAAAACAG,6,28
CTTCAAGGTCAAAAACAG,5,28
CTTCAAGTTCAAAAACCG,4,28
CTTCAACATCAAAAACAG,1,28
CTTCAAGTTCACAAACAG,1,28
CTTCATTTTCAAAAACAG,1,28
CTTCAACTTCTAAAACAG,1,28
CTTAAAGATCAAAAACAG,1,28
CTTCAAGTTCAACAACAG,1,28
CTTAAAGTTAAAAAACAG,1,28
CTTCAATTTAAAAAACAG,1,28
CTTCAAGTGTAAAAACAG,1,28
CTTCAAGATAAAAAACAG,1,28
CTTCAAGTTCCAAAACAG,1,28
CTTCAAGTTGAGAAACAG,1,28
CTTAAAGTACAAAAACAG,1,28
CTTCAAGTTAAAAAATAG,1,28
CTTCTAGTTCAAAAACAG,35,28
CTTCAAGTTCAAAATCAG,35,28
CTTCAAGTACAAAAACAG,34,28
CTTCATGTTCAAAAACAG,34,28
CTTCAAGTTCAAAAATAG,33,28
CTTCAAGTTCAAAACCAG,30,28
CTTCAAGTTCAAAAGCAG,28,28
CTTCAAGTTCAAAAAGAG,25,28
CTTCAAGTCCAAAAACAG,24,28
CTTTAAGTTCAAAAACAG,173,28
CTTCAAGTTTAAAAACAG,136,28
CTTCAAGTTAAAAAACAG,100,28
CTTCAAGTTCAAAAAAAG,90,28
CTTCAAGTTCGAAAACAG,74,28
CTTCAAGATCAAAAACAG,63,28
CTTCAAGTTCAGAAACAG,60,28
CTTAAAGTTCAAAAACAG,53,28
CTTAAAGTTCAAAAACCG,1,28
CTTCAAGTTCAAAAACGG,49,28
CTTCAATTTCAAAAACAG,43,28
CTTCAAGTTCATAAACAG,38,28
CTTCGAGTTCAAAAACAG,37,28
ATTCAAGTTCAAAAACAG,88,28
ATTCAATTTCAAAAACAG,1,28
NTTCAAGTTCAAAAACAG,4,28
ATTAAAGTTCAAAAACAG,1,28
ATTCAAGTTAAAAAAAAG,1,28
CTTCAAGTTCAAAAACAT,68,28
CTTCAAGTTCAAAAAAAT,1,28
CTACAAGTTCAAAAACAG,48,28
CTACAAGTTAAAAAACAG,1,28
CTTCAAGTTCAAAAACAA,47,28
TTTCAAGTTCAAAAACAG,41,28
GTTCAAGTTCAAAAACAG,36,28
CATCAAGTTCAAAAACAG,29,28
CATCAAGTACAAAAACAG,2,28
CATCAAGTTAAAAAACAG,1,28
CTTCAAGTTCAAAGACAG,27,28
CTTCAGGTTCAAAGACAG,1,28
CCTCAAGTTCAAAAACAG,20,28
CCTCGAGTTCAAAAACAG,1,28
CCTTAAGTTCAAAAACAG,1,28
CTCCAAGTTCAAAAACAG,20,28
CTCCAAGTTCAATAACAG,1,28
CTTCAAGTTCAAATACAG,20,28
CGTCAAGTTCAAAAACAG,16,28
CTTCAAGTTCAAAAACAC,15,28
CTTCAAGTACAAAAACAC,1,28
CATCAAGTTCAAAAACAC,1,28
AATCAAGTTCAAAAACAG,1,28
NTNCAAGTTCAAAAACAG,1,28
CTTCAAGTTCAAACACAG,1,28
ATTCAAGTTCAAAAACAT,1,28
CAACAAGATCAAAAACAG,1,28
GTCTGAGACACCTACTAC,154809,29
GTCTGAGACCCCTACTAC,19,29
GTCTGAGACACCGACTAC,14,29
GTCTGAGACAGCTACTAC,13,29
GTCTGACACACCTACTAC,11,29
GTCTGAGACACCTAGTAC,10,29
GTCTGCGACACCTACTAC,9,29
GTCGGAGACACCTACTAC,9,29
GTCTGAGACACCTACGAC,8,29
GTCTGAGACACCTACTCC,5,29
GTCTACGACACCTACTAC,1,29
GTCTGAGACATTTACTAC,1,29
GTCTAAGACACCAACTAC,1,29
GTCCAAGACACCTACTAC,1,29
GTCTGAGCCACCTAATAC,1,29
GTCTGAGACACCTAAAAC,1,29
GTCGGAGACACCTATTAC,1,29
GTCTGAGACACGAACTAC,1,29
GTCTGCGCCACCTACTAC,1,29
GTCAGAGAAACCTACTAC,1,29
GTCAGAGACACCAACTAC,1,29
GTCTCTGACACCTACTAC,1,29
GTCTGATACACCTATTAC,1,29
GTCTGAGGCACCTACTAC,44,29
GTCTGAGACACTTACTAC,44,29
GTCTGAGACAACTACTAC,44,29
GTCAGAGACACCTACTAC,43,29
GTCTGAGACACCCACTAC,40,29
GTCTGGGACACCCACTAC,1,29
GTCTGAGACACCTACTGC,41,29
GTCTGATACACCTACTAC,38,29
GTCTGTGACACCTACTAC,34,29
GTCTGGGACACCTACTAC,32,29
GTCTGAGACACCTATTAC,32,29
GTCTGAGATACCTACTAC,32,29
GTCTGAGACACCTACCAC,31,29
GTCTGAGAGACCTACTAC,29,29
GTCTGAGACACCTACTTC,26,29
GTCTGAGCCACCTACTAC,25,29
GTCTCAGACACCTACTAC,24,29
GTCTGAGTCACCTACTAC,24,29
GTCTAAGACACCTACTAC,165,29
GTCTAAGACTCCTACTAC,1,29
GTCTTAGACACCTACTAC,114,29
GTCTGAGACACATACTAC,105,29
GTCTGAGAAACCTACTAC,82,29
GTCTGAGACACCAACTAC,67,29
GTCTGAGACATCTACTAC,55,29
GTCTGAGACACCTAATAC,50,29
GTCTGAAACACCTACTAC,48,29
GTCTGAGACTCCTACTAC,48,29
GTCTGAGACACGTACTAC,46,29
GTCTGAGACACCTACAAC,46,29
GTCCGAGACACCTACTAC,45,29
GTCTGAGACGCCTACTAC,45,29
GTCTGAGACACCTACTAA,72,29
GTCTGAGACACATACTAA,3,29
GTCAGAGACACCTACTAA,1,29
GTCTGAGAAACCTACTAA,1,29
GTCTGAGACACCTTCTAC,68,29
TTCTGAGACACCTACTAC,61,29
TTCTGAGTCACCTACTAC,1,29
GTTTGAGACACCTACTAC,56,29
GTTTGAGACACTTACTAC,1,29
GTATGAGACACCTACTAC,50,29
GTNTGAGACACCTACTAC,1,29
GTCTGAGACACCTGCTAC,47,29
ATCTGAGACACCTACTAC,41,29
NTCTGAGACACCTACTAC,2,29
ATCGGAGACACCTACTAC,1,29
GTCTGAGACACCTACTAT,38,29
GACTGAGACACCTACTAC,20,29
GACAGAGACACCTACTAC,1,29
GCCTGAGACACCTACTAC,18,29
CTCTGAGACACCTACTAC,18,29
GTCTGAGACACCTACTAG,17,29
GTGTGAGACACCTACTAC,13,29
GGCTGAGACACCTACTAC,8,29
GTCTGAGACACCTCCTAC,7,29
NTNTGAGACACCTACTAC,1,29
AATGTCTGGTGCAACCAA,338351,30
AATGGCTGGTGCAACCAA,16,30
AATGTCTGGTGCCACCAA,15,30
AATGTCGGGTGCAACCAA,12,30
AATGTCTGGTGCAACCCA,9,30
AATGTCNGGTGCAACCAA,1,30
AATGACTCGTCCAACCAA,1,30
AATGTTTTGTGCAACCAA,1,30
AATGTCTGTAGCAACCAA,1,30
AATGTCTCGTCCAACCAA,1,30
AATGTTTAGTGCAACCAA,1,30
AATGTCTGGTGAAAACAA,1,30
AATGTATGGAGCAACCAA,1,30
AATGTCTGGTGAGACCAA,1,30
AATGTCTGGTGCAATTAA,1,30
AATGTCTGTTGCAACCGA,1,30
AATGTCAGGTTCAACCAA,1,30
AATGTCTTGTTCAACCAA,1,30
AATATATGGTGCAACCAA,1,30
AATGTCTAGTGAAACCAA,1,30
AATGTCGGGTGCAACAAA,1,30
AATGTATAGTGCAACCAA,1,30
AATGTCTGGTTCTACCAA,1,30
AATTTCTGGTGTAACCAA,1,30
AATGATTGGTGCAACCAA,1,30
AATGTCTGGTGTAACCAA,103,30
AATGTCTGGTGCAATCAA,103,30
AATATCTGGTGCAACCAA,102,30
AATGTCTGGTGCAACTAA,101,30
AATGTTTGGTGCAACCAA,89,30
AATGTCTGGCGCAACCAA,87,30
AATGTCCGGTGCAACCAA,85,30
AATGTCTGGTACAACCAA,84,30
AATGCCTGGTGCAACCAA,82,30
AATGTCAGGTGCAACCAA,80,30
AATGACTGGTGCAACCAA,76,30
AATGTCTGGTGCTACCAA,57,30
AATGTGTGGTGCAACCAA,42,30
AATGTCTGGTGCAACCTA,41,30
AATGTCTGCTGCAACCAA,39,30
AATGTCTGGTGCAACGAA,36,30
AATGTCTCGTGCAACCAA,35,30
AATGTCTGGTGCAAGCAA,33,30
AATCTCTGGTGCAACCAA,29,30
AATGTCTGGGGCAACCAA,28,30
AATGTCTGGTCCAACCAA,24,30
AATGTCTGGTGCAAACAA,189,30
NATGTCTGGTGCAACCAA,7,30
AATGTCTTGTGCAACCAA,189,30
AATGTCTGGTGCAACCGA,180,30
AATGTATGGTGCAACCAA,158,30
AATGTCTGGTGGAACCAA,156,30
AATGTCTGGTGCAACAAA,154,30
AATGTCTGGTGAAACCAA,129,30
AATGTCAGGTGAAACCAA,1,30
AATGTCTGGTGCGACCAA,119,30
AATTTCTGGTGCAACCAA,117,30
AATGTCTAGTGCAACCAA,114,30
AATGTCTGTTGCAACCAA,112,30
AATGTCTGGTTCAACCAA,109,30
AATGTCTGATGCAACCAA,109,30
AATGTCTGGAGCAACCAA,104,30
AATCTCTGGAGCAACCAA,2,30
AATGTCTAATGCAACCAA,16,30
GATGTCTGGTGCAACCAA,332,30
GATGTCTGGTGCAACCGA,1,30
GATGTCTGTTGCAACCAA,1,30
GATGTCTAGTGCAACCAA,1,30
GATGTTTGGTGCAACCAA,1,30
AATGTCTGGTGCAACCAG,264,30
AATGTCTGGTGCAAACAG,2,30
AATGTCTGGTGCAACAAG,1,30
AATGTCTGGTGCCACCAG,1,30
AATGTCTGGTACAACCAG,1,30
AATGTCTGGTGCATCCAA,145,30
AATGTCTGGTGCATACAA,1,30
AATGTCTGGAGCATCCAA,1,30
AATGTCTGTTGCATCCAA,1,30
AATGTCAGGTGCATCCAA,1,30
AATGTCTGGTGCATTCAA,1,30
AATGTCTGGTGCAGCCAA,115,30
AATGTATGGTGCAGCCAA,1,30
AATGTCAGGTGCAGCCAA,1,30
AATGTCTGGTGCAACCAT,91,30
AATGTCTGATGCAACCAT,1,30
AATGTCTCGTGCAACCAT,1,30
AAAGTCTGGTGCAACCAA,75,30
AANGTCTGGTGCAACCAA,3,30
AAAGTCTGCTGCAACCAA,2,30
AAAGTCTCGTGCAACCAA,1,30
NANGTCTGGTGCAACCAA,1,30
AAAGTCTGGTACAACCAA,1,30
AAAGTCTGGTGCAAACAA,1,30
AAAGTCTGGAGCAACCAA,1,30
ATTGTCTGGTGCAACCAA,81,30
TATGTCTGGTGCAACCAA,61,30
AACGTCTGGTGCAACCAA,57,30
AGTGTCTGGTGCAACCAA,33,30
AATGTCTGGTGCACCCAA,29,30
AATGTCTGGTGCAACCAC,13,30
AAGGTCTGGTGCAACCAA,8,30
CATGTCTGGTGCAACCAA,7,30
ACTGTCTGGTGCAACCAA,4,30
TATGTCTGGTGCAGCCAA,1,30
AATGTCTGGTGCATCCAG,1,30
GATAGTTTACGTGCTTCA,697141,31
GATAGTGTACGTGCTTCA,21,31
GATAGTTTACGTGCTGCA,18,31
GATAGTTGACGTGCTTCA,15,31
GATCGTTTACGTGCTTCA,7,31
GATAGTNTACGTGCTTCA,1,31
GATAGTTTACGTGCTATA,1,31
GATAGATTACGTACTTCA,1,31
GATAGTTTAAATGCTTCA,1,31
GATAGCTTAAGTGCTTCA,1,31
AATAGTTTACGTGCTTCA,536,31
AATAGTTTACGTACTTCA,1,31
NATAGTTTACGTGCTTCA,11,31
AATAGTTTACGCGCTTCA,1,31
GATAGTTTACGTGATTCA,390,31
GATAGTCTACGTGATTCA,2,31
GATAGTTTACGTGATTAA,5,31
GATAGTTTACGTCATTCA,1,31
GATAGTTTACATGATTCA,1,31
GATAGTTTGCGTGATTCA,1,31
GATAGTATACGTGATTCA,1,31
TATAGTTTACGTGCTTCA,317,31
TATATTTTACGTGCTTCA,1,31
TATAGTTTACGGGCTTCA,1,31
TATAGTTTGCGTGCTTCA,1,31
TATAGTTTACTTGCTTCA,1,31
GATAGTTTACGTGCTTCG,263,31
GATAGTTTACGTGCTTAG,1,31
GATAGTTTACTTGCTTCG,1,31
GAAAGTTTACGTGCTTCA,205,31
GAAAGTTTACGTGCATCA,2,31
GAAAGTATACGTGCTTCA,2,31
GANANTTTACGCGCTTCA,1,31
GANANTTTACGTGCTTCA,1,31
GAAAGTTAACGTGCTTCA,1,31
GANAGTTTACGTGCTTCA,1,31
GAAAGTTTAAGTGCTTCA,1,31
GAAAGATTACGTGCTTCA,1,31
GAAAGAATACGAGCTTCA,1,31
GATAGTTTACGTGCTTCT,197,31
GATTGTTTACGTGCTTCT,1,31
GATGGTTTACGTGCTTCT,1,31
GATAGTTCACGTGCTTCT,1,31
GTTAGTTTACGTGCTTCA,192,31
GTTAGTTTACGTTCTTCA,1,31
GTTAGTTTACATGCTTCA,1,31
GTTAGTTCACGTGCTTCA,1,31
GTTAGATTACGTGCTTCA,1,31
GTTAGTTTACGTGCTTTA,1,31
GATAGTTTACGTGTTTCA,171,31
GATAGTTTACGTTTTTCA,1,31
GACAGTTTACGTGCTTCA,143,31
GACAGATTACGTGCTTCA,1,31
GACAGTTTACGTGCTTTA,1,31
GACACTTTACGTGCTTCA,1,31
GGTAGTTTACGTGCTTCA,96,31
GGTAGTCTACGTGCTTCA,1,31
GATAGTTTACGTGGTTCA,94,31
CATAGTTTACGTGCTTCA,89,31
CATAGTTTACGTGCTACA,2,31
CATAGTTAACGTGCTTCA,1,31
GATAGTTTACGTGCTTCC,32,31
GAGAGTTTACGTGCTTCA,28,31
GCTAGTTTACGTGCTTCA,13,31
CAAAGTTTACGTGCTTCA,1,31
AACAGTTTACGTGCTTCA,1,31
AATAGTTTACGTGATTCA,1,31
AATAGTTTACGTGCTTCG,1,31
AGTAGTTTACGTGCTTCA,1,31
GGTAGTTTACGTGTTTCA,1,31
GGTAGTTTACGTGCTTCG,1,31
GTTAGTTTACGTGCTTCT,1,31
GATAGTTAACGTGCTTCA,122,31
GATACTTAACGTGCTTCA,1,31
GATAGTTTACGTGCATCA,123,31
GATGGTTTACGTGCTTCA,121,31
GATAGTTCACGTGCTTCA,119,31
GATAGTTTGCGTGCTTCA,116,31
GATTGTTTACGTGCTTCA,98,31
GATAGTTTACGTGCCTCA,94,31
GATAGTCTACGTGCTTCA,88,31
GATAGTTTACGTCCTTCA,75,31
GATAGGTTACGTGCTTCA,70,31
GATAGCTTACGTGCTTCA,68,31
GATAGTTTACGTGCTTGA,66,31
GATAGTTTAGGTGCTTCA,55,31
GATAGTTTACCTGCTTCA,50,31
GATACTTTACGTGCTTCA,46,31
GATAGTTTCCGTGCTTCA,29,31
GATAGTTTACGTGCGTCA,25,31
GATAGTTTACGTGCTTTA,685,31
GATAATTTACGTGCTTTA,1,31
GATAGTTTAAGTGCTTTA,1,31
GATAGTTTCCGTGCTTTA,1,31
GATAGTTTACGGGCTTTA,1,31
GATAGTTCACGTGCTTTA,1,31
GATAGTTTACGTGCCTTA,1,31
GATAGTTTTCGTGCTTTA,1,31
GATAGTTTACGTGCTTAA,378,31
GATAGTTTAGGTGCTTAA,2,31
GATAGTTTACGTGCATAA,1,31
GATAGTTCACGTGCTTAA,1,31
GATAGTTTACGGGCTTAA,1,31
GATAGTTTACGTGCTCAA,1,31
GATAGTTTACTTGCTTAA,1,31
GATAGTTTTCGTGCTTAA,1,31
GATAGTATACGTGCTTAA,1,31
GATAGTTTAAGTGCTTCA,359,31
GATAGTATAAGTGCTTCA,1,31
GATAATTTAAGTGCTTCA,1,31
GATAGGTTAAGTGCTTCA,1,31
GATAGTTTATGTGCTTCA,248,31
GATAGTTTATTTGCTTCA,1,31
GATAGTTTATGTGCATCA,1,31
GATAGTTTACGAGCTTCA,247,31
GATAGTATACGAGCTTCA,1,31
GATAGATTACGAGCTTCA,1,31
GATAGTTTACATGCTTCA,238,31
GATAGTTTACGTTCTTCA,225,31
GATAGTTTACGCTCTTCA,2,31
GATAGTTTACTTTCTTCA,1,31
GATAGTTAACGTTCTTCA,1,31
GATAGTGTACGTTCTTCA,1,31
GATAGTTTACGTGCTACA,226,31
GATAGTTAACGTGCTACA,1,31
GATACTTTACGTGCTACA,1,31
GATAGTTTACGGGCTTCA,211,31
GATAGATTACGTGCTTCA,206,31
GATAGAATACGTGCTTCA,1,31
GATAGTTTACGCGCTTCA,204,31
GATAGTTTACTTGCTTCA,182,31
GATATTTTACTTGCTTCA,1,31
GATAGTTTACGTACTTCA,171,31
GATAGTATACGTGCTTCA,168,31
GATACTATACGTGCTTCA,2,31
GATAGTTTACGTGCTCCA,160,31
GATATTTTACGTGCTTCA,146,31
GATAGTTTTCGTGCTTCA,144,31
GATTGTTTTCGTGCTTCA,1,31
GATAATTTACGTGCTTCA,129,31
CAAAGTTCGTCGTACGCG,3,32
GCAAGTTCGTCGTACGCG,2,32
GAAAGTTCGTCGTACGCG,1,32
ATAGTTTTACGTGCTTCA,1,33
GACCTACTCCAGATCCCT,1,34
CAAACTTTAATATGAATG,3,35
GAACTCAATGCACGACTC,7,36
TAGTTCCAAAATAACTAT,13,37
TACCCAAAGAGGTCCCAA,8,38
GCCAATCCATGCTAGGGA,25,39
CAGAAGAGAAGGCGCCAA,6,40
GTGCCAATATACCCTATC,7,41
CCACGACCACTTCCGCAA,12,42
GTAGGCCCCCACACGACT,7,43
GAGCTTAAAATCAAATGG,26,44
AACCGGCAAAAGGCCATC,12,45
CTAAACTGCGTCTCACAC,21,46
TAAACAAATAAAGGAAGC,2,47
AAAATATTAAAACGCAGT,9,48
ATTGCTAATCACACCCTC,30,49
TATTATGAAACTATGCAA,19,50
TATTATGAAACTATGCGA,1,50
AACTCAAATACGTACGCG,2,51
CTAAAGTAAAACTAATAC,6,52
TAACCGAAAGCATTTCAA,5,53
TAACCGATAGCATTTCAA,1,53
ATATCTGATCGGACCAGC,8,54
AGATTACGACTCGCGTTA,24,55
AGATTACGATTCGCGTTA,1,55
GTTTCACCTTAGCCTCTC,20,56
GTTTCACCTTAGACTCTC,1,56
AAAGATACCGTCTCCTGT,21,57
AAAGATACCGGCTCCTGT,1,57
AGAGATACCGTCTCCTGT,1,57
ACCAGAGCGGAGGAAAAA,17,58
ACCAGAGAGGAGGAAAAA,1,58
GGCATATGCTAAAACCTG,7,59
CATATTAATAAATCTAAT,4,60
TAGTTTACGTCGTACGCG,13,61
GAAATCTTTAGAGGAAAC,9,62
GAAATCTTAAGAGGAAAC,1,62
GTTAGTGATGGGGCTAAA,12,63
GATAGTGATGGGGCTAAA,1,63
GGATAGTACCTACACAAA,14,64
ACAAACTGCTAAGCACTA,4,65
CCCCTCTATACTTAAATT,4,66
GGACGTGTGTAAATCACA,19,67
AGACGTGTGTAAATCACA,1,67
ATGGAACTCACTATGATA,4,68
CGTTATTCCTCAAACTTT,2,69
TCTCTCTAATCATCTCGC,15,70
CTCGTGCCACCCTTTGGA,9,71
CTCGTGCTACCCTTTGGA,1,71
AGTGTAATGCTTTCGCAC,21,72
TCACCGAGAATTAACCTA,8,73
ACAGAAGTAAATGGCTAC,7,74
GTAAATACCATGTGTTAA,4,75
CTCTTACGAGCTGCTAGG,27,76
GCCCCGTTACCAAGTTCT,4,77
GAAATACTCTAAGTATCG,5,78
TCTTATAGTTTAAAAGTA,4,79
TACCACCTCTACTGCTCC,14,80
GTAAAGACTCGAGGACGC,12,81
ACAGAAAAGTGGTCCAAA,3,82
AAGATATCTGACTCACTG,2,83
AGTCCGGTAAATAAACAA,7,84
TACCCATGAGAGCGATGC,29,85
TCCGTTAAGAATTAGGTT,4,86
TAACCCTTAATGGTCGGA,19,87
ACCACCCTCGGGACTCAA,10,88
CTTGCAATGCGAACACTT,2,89
CATCGAAAGAGCAACAAA,18,90
AATCGAAAGAGCAACAAA,1,90
CAGGGACCACATATTTAT,20,91
TACAGTCACATCCTTTAT,9,92
GACGGAATATAATGCGAA,11,93
GGAAACCGAGTTCACAAA,6,94
CTGGTAGATTCACCTGCC,1,95
AACTACTATCATCGGATC,27,96
ATGCACTATTACTGTAGT,19,97
ATGCACTAATACTGTAGT,1,97
CCGCTCGGTCCAACCGTT,25,98
CAGCTCGGTCCAACCGTT,1,98
CCTCTCGGTCCAACCGTT,1,98
CGTTGTAATCGTACCGGA,24,99
CAGGGAAACAAACCTTAT,10,100
GTAACGTTAACCAATACA,26,101
AACTAATAACTCAAAATA,1,102
GAGCTTGATACGTTGTCG,25,103
TGCAAGCAGTCGTACGCG,4,104
TGCTAGCAGTCGTACGCG,3,104
TCTAAGCAGTCGTACGCG,1,104
TTCAAGTTCAAAAAACAG,2,105
TTCAAGTTCAAAAATCAG,1,105
AGCTTTTCCGCATACTGC,24,106
AACCAGAAGTTTACGAAT,9,107
AACGAAGTCTAAAATGAG,1,108
