Species,Shorthand,sTUMS#,Day,Replicate,Plate,Row,Row_replicate,MIC
Ec,A,sTUMS259,1/16/21,1,A,7,1,0.25
Ec,A,sTUMS259,1/16/21,1,A,8,2,0.25
Ec,A,sTUMS259,1/16/21,2,A,7,1,0.25
Ec,A,sTUMS259,1/16/21,2,A,8,2,0.25
Ec,A,sTUMS259,1/28/21,1,A,3,1,0.5
Ec,A,sTUMS259,1/28/21,1,A,4,2,0.25
Ec,A,sTUMS259,1/28/21,2,A,3,1,0.5
Ec,A,sTUMS259,1/28/21,2,A,4,2,0.25
Ec,A,sTUMS259,2/2/21,1,A,3,1,0.25
Ec,A,sTUMS259,2/2/21,1,A,4,2,0.125
Ec,A,sTUMS259,2/2/21,2,A,3,1,0.25
Ec,A,sTUMS259,2/2/21,2,A,4,2,0.25
Ec,AE,sTUMS266,1/16/21,1,C,5,1,0.5
Ec,AE,sTUMS266,1/16/21,1,C,6,2,0.5
Ec,AE,sTUMS266,1/16/21,2,C,5,1,0.5
Ec,AE,sTUMS266,1/16/21,2,C,6,2,0.5
Ec,AE,sTUMS266,1/28/21,1,D,1,1,1
Ec,AE,sTUMS266,1/28/21,1,D,2,2,1
Ec,AE,sTUMS266,1/28/21,2,D,1,1,1
Ec,AE,sTUMS266,1/28/21,2,D,2,2,1
Ec,AE,sTUMS266,2/2/21,1,D,1,1,0.5
Ec,AE,sTUMS266,2/2/21,1,D,2,2,0.5
Ec,AE,sTUMS266,2/2/21,2,D,1,1,0.5
Ec,AE,sTUMS266,2/2/21,2,D,2,2,0.5
Ec,AEG,sTUMS272,1/16/21,1,E,1,1,256
Ec,AEG,sTUMS272,1/16/21,1,E,2,2,512
Ec,AEG,sTUMS272,1/16/21,2,E,1,1,512
Ec,AEG,sTUMS272,1/16/21,2,E,2,2,512
Ec,AEG,sTUMS272,1/28/21,1,G,3,1,512
Ec,AEG,sTUMS272,1/28/21,1,G,4,2,256
Ec,AEG,sTUMS272,1/28/21,2,G,3,1,256
Ec,AEG,sTUMS272,1/28/21,2,G,4,2,512
Ec,AEG,sTUMS272,2/2/21,1,G,3,1,128
Ec,AEG,sTUMS272,2/2/21,1,G,4,2,128
Ec,AEG,sTUMS272,2/2/21,2,G,3,1,128
Ec,AEG,sTUMS272,2/2/21,2,G,4,2,128
Ec,AEGM,sTUMS282,1/16/21,1,G,5,1,1024
Ec,AEGM,sTUMS282,1/16/21,1,G,6,2,1024
Ec,AEGM,sTUMS282,1/16/21,2,G,5,1,1024
Ec,AEGM,sTUMS282,1/16/21,2,G,6,2,1024
Ec,AEGM,sTUMS282,1/28/21,1,H,1,1,1024
Ec,AEGM,sTUMS282,1/28/21,1,H,2,2,1024
Ec,AEGM,sTUMS282,1/28/21,2,H,1,1,1024
Ec,AEGM,sTUMS282,1/28/21,2,H,2,2,1024
Ec,AEGM,sTUMS282,2/2/21,1,H,1,1,1024
Ec,AEGM,sTUMS282,2/2/21,1,H,2,2,1024
Ec,AEGM,sTUMS282,2/2/21,2,H,1,1,1024
Ec,AEGM,sTUMS282,2/2/21,2,H,2,2,1024
Ec,AEM,sTUMS278,1/16/21,1,F,5,1,1
Ec,AEM,sTUMS278,1/16/21,1,F,6,2,1
Ec,AEM,sTUMS278,1/16/21,2,F,5,1,1
Ec,AEM,sTUMS278,1/16/21,2,F,6,2,1
Ec,AEM,sTUMS278,1/28/21,1,D,3,1,1
Ec,AEM,sTUMS278,1/28/21,1,D,4,2,1
Ec,AEM,sTUMS278,1/28/21,2,D,3,1,1
Ec,AEM,sTUMS278,1/28/21,2,D,4,2,1
Ec,AEM,sTUMS278,2/2/21,1,D,3,1,1
Ec,AEM,sTUMS278,2/2/21,1,D,4,2,1
Ec,AEM,sTUMS278,2/2/21,2,D,3,1,1
Ec,AEM,sTUMS278,2/2/21,2,D,4,2,1
Ec,AG,sTUMS263,1/16/21,1,B,7,1,64
Ec,AG,sTUMS263,1/16/21,1,B,8,2,64
Ec,AG,sTUMS263,1/16/21,2,B,7,1,128
Ec,AG,sTUMS263,1/16/21,2,B,8,2,256
Ec,AG,sTUMS263,1/28/21,1,F,1,1,16
Ec,AG,sTUMS263,1/28/21,1,F,2,2,32
Ec,AG,sTUMS263,1/28/21,2,F,1,1,16
Ec,AG,sTUMS263,1/28/21,2,F,2,2,16
Ec,AG,sTUMS263,2/2/21,1,F,1,1,32
Ec,AG,sTUMS263,2/2/21,1,F,2,2,16
Ec,AG,sTUMS263,2/2/21,2,F,1,1,64
Ec,AG,sTUMS263,2/2/21,2,F,2,2,32
Ec,AGM,sTUMS275,1/16/21,1,E,7,1,64
Ec,AGM,sTUMS275,1/16/21,1,E,8,2,128
Ec,AGM,sTUMS275,1/16/21,2,E,7,1,
Ec,AGM,sTUMS275,1/16/21,2,E,8,2,128
Ec,AGM,sTUMS275,1/28/21,1,F,5,1,128
Ec,AGM,sTUMS275,1/28/21,1,F,6,2,128
Ec,AGM,sTUMS275,1/28/21,2,F,5,1,128
Ec,AGM,sTUMS275,1/28/21,2,F,6,2,128
Ec,AGM,sTUMS275,2/2/21,1,F,5,1,128
Ec,AGM,sTUMS275,2/2/21,1,F,6,2,64
Ec,AGM,sTUMS275,2/2/21,2,F,5,1,64
Ec,AGM,sTUMS275,2/2/21,2,F,6,2,128
Ec,AM,sTUMS269,1/28/21,1,B,1,1,0.25
Ec,AM,sTUMS269,1/28/21,1,B,2,2,0.25
Ec,AM,sTUMS269,1/28/21,2,B,1,1,0.25
Ec,AM,sTUMS269,1/28/21,2,B,2,2,0.5
Ec,AM,sTUMS269,2/2/21,1,B,1,1,
Ec,AM,sTUMS269,2/2/21,1,B,2,2,
Ec,AM,sTUMS269,2/2/21,2,B,1,1,
Ec,AM,sTUMS269,2/2/21,2,B,2,2,
Ec,E,sTUMS258,1/16/21,1,A,5,1,1
Ec,E,sTUMS258,1/16/21,1,A,6,2,0.5
Ec,E,sTUMS258,1/16/21,2,A,5,1,0.5
Ec,E,sTUMS258,1/16/21,2,A,6,2,0.5
Ec,E,sTUMS258,1/28/21,1,C,7,1,0.5
Ec,E,sTUMS258,1/28/21,1,C,8,2,0.5
Ec,E,sTUMS258,1/28/21,2,C,7,1,0.5
Ec,E,sTUMS258,1/28/21,2,C,8,2,0.5
Ec,E,sTUMS258,2/2/21,1,C,7,1,0.5
Ec,E,sTUMS258,2/2/21,1,C,8,2,
Ec,E,sTUMS258,2/2/21,2,C,7,1,0.5
Ec,E,sTUMS258,2/2/21,2,C,8,2,0.5
Ec,EG,sTUMS262,1/16/21,1,B,5,1,128
Ec,EG,sTUMS262,1/16/21,1,B,6,2,128
Ec,EG,sTUMS262,1/16/21,2,B,5,1,128
Ec,EG,sTUMS262,1/16/21,2,B,6,2,128
Ec,EG,sTUMS262,1/28/21,1,E,7,1,64
Ec,EG,sTUMS262,1/28/21,1,E,8,2,32
Ec,EG,sTUMS262,1/28/21,2,E,7,1,32
Ec,EG,sTUMS262,1/28/21,2,E,8,2,32
Ec,EG,sTUMS262,2/2/21,1,E,7,1,32
Ec,EG,sTUMS262,2/2/21,1,E,8,2,32
Ec,EG,sTUMS262,2/2/21,2,E,7,1,64
Ec,EG,sTUMS262,2/2/21,2,E,8,2,64
Ec,EGM,sTUMS273,1/16/21,1,E,3,1,1024
Ec,EGM,sTUMS273,1/16/21,1,E,4,2,1024
Ec,EGM,sTUMS273,1/16/21,2,E,3,1,1024
Ec,EGM,sTUMS273,1/16/21,2,E,4,2,1024
Ec,EGM,sTUMS273,1/28/21,1,G,5,1,512
Ec,EGM,sTUMS273,1/28/21,1,G,6,2,512
Ec,EGM,sTUMS273,1/28/21,2,G,5,1,512
Ec,EGM,sTUMS273,1/28/21,2,G,6,2,512
Ec,EGM,sTUMS273,2/2/21,1,G,5,1,256
Ec,EGM,sTUMS273,2/2/21,1,G,6,2,512
Ec,EGM,sTUMS273,2/2/21,2,G,5,1,512
Ec,EGM,sTUMS273,2/2/21,2,G,6,2,512
Ec,EM,sTUMS267,1/16/21,1,C,7,1,0.25
Ec,EM,sTUMS267,1/16/21,1,C,8,2,0.25
Ec,EM,sTUMS267,1/16/21,2,C,7,1,0.5
Ec,EM,sTUMS267,1/16/21,2,C,8,2,0.25
Ec,EM,sTUMS267,1/28/21,1,B,5,1,0.5
Ec,EM,sTUMS267,1/28/21,1,B,6,2,0.5
Ec,EM,sTUMS267,1/28/21,2,B,5,1,0.5
Ec,EM,sTUMS267,1/28/21,2,B,6,2,0.5
Ec,EM,sTUMS267,2/2/21,1,B,5,1,
Ec,EM,sTUMS267,2/2/21,1,B,6,2,0.5
Ec,EM,sTUMS267,2/2/21,2,B,5,1,
Ec,EM,sTUMS267,2/2/21,2,B,6,2,0.5
Ec,G,sTUMS257,1/16/21,1,A,3,1,4
Ec,G,sTUMS257,1/16/21,1,A,4,2,4
Ec,G,sTUMS257,1/16/21,2,A,3,1,4
Ec,G,sTUMS257,1/16/21,2,A,4,2,4
Ec,G,sTUMS257,1/28/21,1,E,1,1,4
Ec,G,sTUMS257,1/28/21,1,E,2,2,4
Ec,G,sTUMS257,1/28/21,2,E,1,1,4
Ec,G,sTUMS257,1/28/21,2,E,2,2,4
Ec,G,sTUMS257,2/2/21,1,E,1,1,2
Ec,G,sTUMS257,2/2/21,1,E,2,2,2
Ec,G,sTUMS257,2/2/21,2,E,1,1,2
Ec,G,sTUMS257,2/2/21,2,E,2,2,2
Ec,GM,sTUMS264,1/16/21,1,C,1,1,8
Ec,GM,sTUMS264,1/16/21,1,C,2,2,
Ec,GM,sTUMS264,1/16/21,2,C,1,1,16
Ec,GM,sTUMS264,1/16/21,2,C,2,2,8
Ec,GM,sTUMS264,1/28/21,1,E,5,1,16
Ec,GM,sTUMS264,1/28/21,1,E,6,2,32
Ec,GM,sTUMS264,1/28/21,2,E,5,1,
Ec,GM,sTUMS264,1/28/21,2,E,6,2,32
Ec,GM,sTUMS264,2/2/21,1,E,5,1,32
Ec,GM,sTUMS264,2/2/21,1,E,6,2,16
Ec,GM,sTUMS264,2/2/21,2,E,5,1,16
Ec,GM,sTUMS264,2/2/21,2,E,6,2,32
Ec,M,sTUMS260,1/16/21,1,B,1,1,0.25
Ec,M,sTUMS260,1/16/21,1,B,2,2,
Ec,M,sTUMS260,1/16/21,2,B,1,1,0.25
Ec,M,sTUMS260,1/16/21,2,B,2,2,0.25
Ec,M,sTUMS260,1/28/21,1,A,5,1,0.25
Ec,M,sTUMS260,1/28/21,1,A,6,2,0.25
Ec,M,sTUMS260,1/28/21,2,A,5,1,0.25
Ec,M,sTUMS260,1/28/21,2,A,6,2,0.25
Ec,M,sTUMS260,2/2/21,1,A,5,1,0.25
Ec,M,sTUMS260,2/2/21,1,A,6,2,0.25
Ec,M,sTUMS260,2/2/21,2,A,5,1,0.25
Ec,M,sTUMS260,2/2/21,2,A,6,2,0.25
Ec,WT,sTUMS256,1/16/21,1,A,1,1,0.25
Ec,WT,sTUMS256,1/16/21,1,A,2,2,0.25
Ec,WT,sTUMS256,1/16/21,2,A,1,1,0.25
Ec,WT,sTUMS256,1/16/21,2,A,2,2,0.25
Ec,WT,sTUMS256,1/28/21,1,A,1,1,0.25
Ec,WT,sTUMS256,1/28/21,1,A,2,2,0.25
Ec,WT,sTUMS256,1/28/21,2,A,1,1,0.25
Ec,WT,sTUMS256,1/28/21,2,A,2,2,0.25
Ec,WT,sTUMS256,2/2/21,1,A,1,1,0.25
Ec,WT,sTUMS256,2/2/21,1,A,2,2,0.25
Ec,WT,sTUMS256,2/2/21,2,A,1,1,0.125
Ec,WT,sTUMS256,2/2/21,2,A,2,2,0.25
Ec,p,sTUMS261,1/16/21,1,B,3,1,0.25
Ec,p,sTUMS261,1/16/21,1,B,4,2,
Ec,p,sTUMS261,1/16/21,2,B,3,1,0.25
Ec,p,sTUMS261,1/16/21,2,B,4,2,
Ec,p,sTUMS261,1/28/21,1,A,7,1,0.25
Ec,p,sTUMS261,1/28/21,1,A,8,2,0.25
Ec,p,sTUMS261,1/28/21,2,A,7,1,0.25
Ec,p,sTUMS261,1/28/21,2,A,8,2,0.5
Ec,p,sTUMS261,2/2/21,1,A,7,1,0.25
Ec,p,sTUMS261,2/2/21,1,A,8,2,0.25
Ec,p,sTUMS261,2/2/21,2,A,7,1,0.25
Ec,p,sTUMS261,2/2/21,2,A,8,2,0.25
Ec,pA,sTUMS270,1/28/21,1,C,1,1,0.25
Ec,pA,sTUMS270,1/28/21,1,C,2,2,0.25
Ec,pA,sTUMS270,1/28/21,2,C,1,1,0.25
Ec,pA,sTUMS270,1/28/21,2,C,2,2,0.25
Ec,pA,sTUMS270,2/2/21,1,C,1,1,
Ec,pA,sTUMS270,2/2/21,1,C,2,2,
Ec,pA,sTUMS270,2/2/21,2,C,1,1,
Ec,pA,sTUMS270,2/2/21,2,C,2,2,
Ec,pAE,sTUMS279,1/16/21,1,F,7,1,1
Ec,pAE,sTUMS279,1/16/21,1,F,8,2,1
Ec,pAE,sTUMS279,1/16/21,2,F,7,1,1
Ec,pAE,sTUMS279,1/16/21,2,F,8,2,1
Ec,pAE,sTUMS279,1/28/21,1,D,5,1,2
Ec,pAE,sTUMS279,1/28/21,1,D,6,2,2
Ec,pAE,sTUMS279,1/28/21,2,D,5,1,2
Ec,pAE,sTUMS279,1/28/21,2,D,6,2,2
Ec,pAE,sTUMS279,2/2/21,1,D,5,1,2
Ec,pAE,sTUMS279,2/2/21,1,D,6,2,2
Ec,pAE,sTUMS279,2/2/21,2,D,5,1,2
Ec,pAE,sTUMS279,2/2/21,2,D,6,2,1
Ec,pAEG,sTUMS283,1/16/21,1,G,7,1,2049
Ec,pAEG,sTUMS283,1/16/21,1,G,8,2,2049
Ec,pAEG,sTUMS283,1/16/21,2,G,7,1,1024
Ec,pAEG,sTUMS283,1/16/21,2,G,8,2,2049
Ec,pAEG,sTUMS283,1/28/21,1,H,3,1,512
Ec,pAEG,sTUMS283,1/28/21,1,H,4,2,512
Ec,pAEG,sTUMS283,1/28/21,2,H,3,1,512
Ec,pAEG,sTUMS283,1/28/21,2,H,4,2,512
Ec,pAEG,sTUMS283,2/2/21,1,H,3,1,512
Ec,pAEG,sTUMS283,2/2/21,1,H,4,2,512
Ec,pAEG,sTUMS283,2/2/21,2,H,3,1,512
Ec,pAEG,sTUMS283,2/2/21,2,H,4,2,512
Ec,pAEGM,sTUMS287,1/16/21,1,H,7,1,2049
Ec,pAEGM,sTUMS287,1/16/21,1,H,8,2,2049
Ec,pAEGM,sTUMS287,1/16/21,2,H,7,1,1024
Ec,pAEGM,sTUMS287,1/16/21,2,H,8,2,1024
Ec,pAEGM,sTUMS287,1/28/21,1,H,7,1,2049
Ec,pAEGM,sTUMS287,1/28/21,1,H,8,2,2049
Ec,pAEGM,sTUMS287,1/28/21,2,H,7,1,2049
Ec,pAEGM,sTUMS287,1/28/21,2,H,8,2,1024
Ec,pAEGM,sTUMS287,2/2/21,1,H,7,1,512
Ec,pAEGM,sTUMS287,2/2/21,1,H,8,2,512
Ec,pAEGM,sTUMS287,2/2/21,2,H,7,1,1024
Ec,pAEGM,sTUMS287,2/2/21,2,H,8,2,512
Ec,pAEM,sTUMS285,1/16/21,1,H,3,1,1
Ec,pAEM,sTUMS285,1/16/21,1,H,4,2,1
Ec,pAEM,sTUMS285,1/16/21,2,H,3,1,1
Ec,pAEM,sTUMS285,1/16/21,2,H,4,2,
Ec,pAEM,sTUMS285,1/28/21,1,D,7,1,2
Ec,pAEM,sTUMS285,1/28/21,1,D,8,2,2
Ec,pAEM,sTUMS285,1/28/21,2,D,7,1,2
Ec,pAEM,sTUMS285,1/28/21,2,D,8,2,2
Ec,pAEM,sTUMS285,2/2/21,1,D,7,1,1
Ec,pAEM,sTUMS285,2/2/21,1,D,8,2,2
Ec,pAEM,sTUMS285,2/2/21,2,D,7,1,1
Ec,pAEM,sTUMS285,2/2/21,2,D,8,2,1
Ec,pAG,sTUMS276,1/16/21,1,F,1,1,256
Ec,pAG,sTUMS276,1/16/21,1,F,2,2,64
Ec,pAG,sTUMS276,1/16/21,2,F,1,1,256
Ec,pAG,sTUMS276,1/16/21,2,F,2,2,128
Ec,pAG,sTUMS276,1/28/21,1,F,7,1,128
Ec,pAG,sTUMS276,1/28/21,1,F,8,2,128
Ec,pAG,sTUMS276,1/28/21,2,F,7,1,128
Ec,pAG,sTUMS276,1/28/21,2,F,8,2,128
Ec,pAG,sTUMS276,2/2/21,1,F,7,1,64
Ec,pAG,sTUMS276,2/2/21,1,F,8,2,64
Ec,pAG,sTUMS276,2/2/21,2,F,7,1,128
Ec,pAG,sTUMS276,2/2/21,2,F,8,2,64
Ec,pAGM,sTUMS286,1/16/21,1,H,5,1,1024
Ec,pAGM,sTUMS286,1/16/21,1,H,6,2,1024
Ec,pAGM,sTUMS286,1/16/21,2,H,5,1,256
Ec,pAGM,sTUMS286,1/16/21,2,H,6,2,256
Ec,pAGM,sTUMS286,1/28/21,1,G,7,1,256
Ec,pAGM,sTUMS286,1/28/21,1,G,8,2,256
Ec,pAGM,sTUMS286,1/28/21,2,G,7,1,128
Ec,pAGM,sTUMS286,1/28/21,2,G,8,2,128
Ec,pAGM,sTUMS286,2/2/21,1,G,7,1,256
Ec,pAGM,sTUMS286,2/2/21,1,G,8,2,128
Ec,pAGM,sTUMS286,2/2/21,2,G,7,1,128
Ec,pAGM,sTUMS286,2/2/21,2,G,8,2,128
Ec,pAM,sTUMS281,1/16/21,1,G,3,1,0.25
Ec,pAM,sTUMS281,1/16/21,1,G,4,2,0.25
Ec,pAM,sTUMS281,1/16/21,2,G,3,1,0.25
Ec,pAM,sTUMS281,1/16/21,2,G,4,2,0.25
Ec,pAM,sTUMS281,1/28/21,1,C,5,1,0.25
Ec,pAM,sTUMS281,1/28/21,1,C,6,2,0.5
Ec,pAM,sTUMS281,1/28/21,2,C,5,1,0.25
Ec,pAM,sTUMS281,1/28/21,2,C,6,2,0.25
Ec,pAM,sTUMS281,2/2/21,1,C,5,1,
Ec,pAM,sTUMS281,2/2/21,1,C,6,2,
Ec,pAM,sTUMS281,2/2/21,2,C,5,1,
Ec,pAM,sTUMS281,2/2/21,2,C,6,2,
Ec,pE,sTUMS268,1/28/21,1,B,7,1,0.5
Ec,pE,sTUMS268,1/28/21,1,B,8,2,0.5
Ec,pE,sTUMS268,1/28/21,2,B,7,1,0.5
Ec,pE,sTUMS268,1/28/21,2,B,8,2,0.5
Ec,pE,sTUMS268,2/2/21,1,B,7,1,0.5
Ec,pE,sTUMS268,2/2/21,1,B,8,2,0.5
Ec,pE,sTUMS268,2/2/21,2,B,7,1,0.5
Ec,pE,sTUMS268,2/2/21,2,B,8,2,0.5
Ec,pEG,sTUMS274,1/16/21,1,E,5,1,256
Ec,pEG,sTUMS274,1/16/21,1,E,6,2,128
Ec,pEG,sTUMS274,1/16/21,2,E,5,1,128
Ec,pEG,sTUMS274,1/16/21,2,E,6,2,128
Ec,pEG,sTUMS274,1/28/21,1,F,3,1,64
Ec,pEG,sTUMS274,1/28/21,1,F,4,2,64
Ec,pEG,sTUMS274,1/28/21,2,F,3,1,64
Ec,pEG,sTUMS274,1/28/21,2,F,4,2,64
Ec,pEG,sTUMS274,2/2/21,1,F,3,1,64
Ec,pEG,sTUMS274,2/2/21,1,F,4,2,32
Ec,pEG,sTUMS274,2/2/21,2,F,3,1,64
Ec,pEG,sTUMS274,2/2/21,2,F,4,2,64
Ec,pEGM,sTUMS284,1/16/21,1,H,1,1,2049
Ec,pEGM,sTUMS284,1/16/21,1,H,2,2,
Ec,pEGM,sTUMS284,1/16/21,2,H,1,1,2049
Ec,pEGM,sTUMS284,1/16/21,2,H,2,2,
Ec,pEGM,sTUMS284,1/28/21,1,H,5,1,1024
Ec,pEGM,sTUMS284,1/28/21,1,H,6,2,1024
Ec,pEGM,sTUMS284,1/28/21,2,H,5,1,512
Ec,pEGM,sTUMS284,1/28/21,2,H,6,2,1024
Ec,pEGM,sTUMS284,2/2/21,1,H,5,1,1024
Ec,pEGM,sTUMS284,2/2/21,1,H,6,2,1024
Ec,pEGM,sTUMS284,2/2/21,2,H,5,1,1024
Ec,pEGM,sTUMS284,2/2/21,2,H,6,2,1024
Ec,pEM,sTUMS280,1/16/21,1,G,1,1,0.5
Ec,pEM,sTUMS280,1/16/21,1,G,2,2,0.5
Ec,pEM,sTUMS280,1/16/21,2,G,1,1,0.5
Ec,pEM,sTUMS280,1/16/21,2,G,2,2,0.5
Ec,pEM,sTUMS280,1/28/21,1,C,3,1,1
Ec,pEM,sTUMS280,1/28/21,1,C,4,2,1
Ec,pEM,sTUMS280,1/28/21,2,C,3,1,1
Ec,pEM,sTUMS280,1/28/21,2,C,4,2,1
Ec,pEM,sTUMS280,2/2/21,1,C,3,1,0.5
Ec,pEM,sTUMS280,2/2/21,1,C,4,2,0.5
Ec,pEM,sTUMS280,2/2/21,2,C,3,1,0.5
Ec,pEM,sTUMS280,2/2/21,2,C,4,2,0.5
Ec,pG,sTUMS265,1/16/21,1,C,3,1,4
Ec,pG,sTUMS265,1/16/21,1,C,4,2,4
Ec,pG,sTUMS265,1/16/21,2,C,3,1,4
Ec,pG,sTUMS265,1/16/21,2,C,4,2,4
Ec,pG,sTUMS265,1/28/21,1,E,3,1,4
Ec,pG,sTUMS265,1/28/21,1,E,4,2,4
Ec,pG,sTUMS265,1/28/21,2,E,3,1,4
Ec,pG,sTUMS265,1/28/21,2,E,4,2,4
Ec,pG,sTUMS265,2/2/21,1,E,3,1,2
Ec,pG,sTUMS265,2/2/21,1,E,4,2,4
Ec,pG,sTUMS265,2/2/21,2,E,3,1,2
Ec,pG,sTUMS265,2/2/21,2,E,4,2,2
Ec,pGM,sTUMS277,1/16/21,1,F,3,1,
Ec,pGM,sTUMS277,1/16/21,1,F,4,2,128
Ec,pGM,sTUMS277,1/16/21,2,F,3,1,64
Ec,pGM,sTUMS277,1/16/21,2,F,4,2,128
Ec,pGM,sTUMS277,1/28/21,1,G,1,1,128
Ec,pGM,sTUMS277,1/28/21,1,G,2,2,64
Ec,pGM,sTUMS277,1/28/21,2,G,1,1,64
Ec,pGM,sTUMS277,1/28/21,2,G,2,2,64
Ec,pGM,sTUMS277,2/2/21,1,G,1,1,32
Ec,pGM,sTUMS277,2/2/21,1,G,2,2,
Ec,pGM,sTUMS277,2/2/21,2,G,1,1,
Ec,pGM,sTUMS277,2/2/21,2,G,2,2,16
Ec,pM,sTUMS271,1/28/21,1,B,3,1,0.25
Ec,pM,sTUMS271,1/28/21,1,B,4,2,0.25
Ec,pM,sTUMS271,1/28/21,2,B,3,1,0.25
Ec,pM,sTUMS271,1/28/21,2,B,4,2,0.5
Ec,pM,sTUMS271,2/2/21,1,B,3,1,
Ec,pM,sTUMS271,2/2/21,1,B,4,2,
Ec,pM,sTUMS271,2/2/21,2,B,3,1,
Ec,pM,sTUMS271,2/2/21,2,B,4,2,
Kp,A,sTUMS291,1/16/21,1,A,7,1,0.063
Kp,A,sTUMS291,1/16/21,1,A,8,2,0.063
Kp,A,sTUMS291,1/16/21,2,A,7,1,0.063
Kp,A,sTUMS291,1/16/21,2,A,8,2,0.063
Kp,A,sTUMS291,1/28/21,1,A,3,1,0.063
Kp,A,sTUMS291,1/28/21,1,A,4,2,0.063
Kp,A,sTUMS291,1/28/21,2,A,3,1,0.063
Kp,A,sTUMS291,1/28/21,2,A,4,2,0.063
Kp,A,sTUMS291,2/2/21,1,A,3,1,0.063
Kp,A,sTUMS291,2/2/21,1,A,4,2,0.063
Kp,A,sTUMS291,2/2/21,2,A,3,1,0.063
Kp,A,sTUMS291,2/2/21,2,A,4,2,0.063
Kp,AE,sTUMS298,1/16/21,1,C,5,1,0.25
Kp,AE,sTUMS298,1/16/21,1,C,6,2,0.25
Kp,AE,sTUMS298,1/16/21,2,C,5,1,0.25
Kp,AE,sTUMS298,1/16/21,2,C,6,2,0.25
Kp,AE,sTUMS298,1/28/21,1,C,5,1,0.25
Kp,AE,sTUMS298,1/28/21,1,C,6,2,0.25
Kp,AE,sTUMS298,1/28/21,2,C,5,1,0.25
Kp,AE,sTUMS298,1/28/21,2,C,6,2,0.25
Kp,AE,sTUMS298,2/2/21,1,C,5,1,0.125
Kp,AE,sTUMS298,2/2/21,1,C,6,2,0.125
Kp,AE,sTUMS298,2/2/21,2,C,5,1,0.125
Kp,AE,sTUMS298,2/2/21,2,C,6,2,0.25
Kp,AEG,sTUMS304,1/16/21,1,E,1,1,2049
Kp,AEG,sTUMS304,1/16/21,1,E,2,2,2049
Kp,AEG,sTUMS304,1/16/21,2,E,1,1,1024
Kp,AEG,sTUMS304,1/16/21,2,E,2,2,1024
Kp,AEG,sTUMS304,1/28/21,1,H,3,1,512
Kp,AEG,sTUMS304,1/28/21,1,H,4,2,512
Kp,AEG,sTUMS304,1/28/21,2,H,3,1,256
Kp,AEG,sTUMS304,1/28/21,2,H,4,2,512
Kp,AEG,sTUMS304,2/2/21,1,H,3,1,1024
Kp,AEG,sTUMS304,2/2/21,1,H,4,2,512
Kp,AEG,sTUMS304,2/2/21,2,H,3,1,512
Kp,AEG,sTUMS304,2/2/21,2,H,4,2,1024
Kp,AEGM,sTUMS314,1/16/21,1,G,5,1,1024
Kp,AEGM,sTUMS314,1/16/21,1,G,6,2,1024
Kp,AEGM,sTUMS314,1/16/21,2,G,5,1,512
Kp,AEGM,sTUMS314,1/16/21,2,G,6,2,1024
Kp,AEGM,sTUMS314,1/28/21,1,G,5,1,512
Kp,AEGM,sTUMS314,1/28/21,1,G,6,2,1024
Kp,AEGM,sTUMS314,1/28/21,2,G,5,1,1024
Kp,AEGM,sTUMS314,1/28/21,2,G,6,2,512
Kp,AEGM,sTUMS314,2/2/21,1,G,5,1,1024
Kp,AEGM,sTUMS314,2/2/21,1,G,6,2,512
Kp,AEGM,sTUMS314,2/2/21,2,G,5,1,512
Kp,AEGM,sTUMS314,2/2/21,2,G,6,2,512
Kp,AEM,sTUMS310,1/16/21,1,F,5,1,
Kp,AEM,sTUMS310,1/16/21,1,F,6,2,0.25
Kp,AEM,sTUMS310,1/16/21,2,F,5,1,
Kp,AEM,sTUMS310,1/16/21,2,F,6,2,0.25
Kp,AEM,sTUMS310,1/28/21,1,D,3,1,0.25
Kp,AEM,sTUMS310,1/28/21,1,D,4,2,0.25
Kp,AEM,sTUMS310,1/28/21,2,D,3,1,0.25
Kp,AEM,sTUMS310,1/28/21,2,D,4,2,0.25
Kp,AEM,sTUMS310,2/2/21,1,D,3,1,0.25
Kp,AEM,sTUMS310,2/2/21,1,D,4,2,0.25
Kp,AEM,sTUMS310,2/2/21,2,D,3,1,0.25
Kp,AEM,sTUMS310,2/2/21,2,D,4,2,0.25
Kp,AG,sTUMS295,1/16/21,1,B,7,1,64
Kp,AG,sTUMS295,1/16/21,1,B,8,2,128
Kp,AG,sTUMS295,1/16/21,2,B,7,1,64
Kp,AG,sTUMS295,1/16/21,2,B,8,2,64
Kp,AG,sTUMS295,1/28/21,1,F,1,1,64
Kp,AG,sTUMS295,1/28/21,1,F,2,2,
Kp,AG,sTUMS295,1/28/21,2,F,1,1,
Kp,AG,sTUMS295,1/28/21,2,F,2,2,16
Kp,AG,sTUMS295,2/2/21,1,F,1,1,64
Kp,AG,sTUMS295,2/2/21,1,F,2,2,16
Kp,AG,sTUMS295,2/2/21,2,F,1,1,32
Kp,AG,sTUMS295,2/2/21,2,F,2,2,32
Kp,AGM,sTUMS307,1/16/21,1,E,7,1,128
Kp,AGM,sTUMS307,1/16/21,1,E,8,2,128
Kp,AGM,sTUMS307,1/16/21,2,E,7,1,64
Kp,AGM,sTUMS307,1/16/21,2,E,8,2,32
Kp,AGM,sTUMS307,1/28/21,1,F,3,1,64
Kp,AGM,sTUMS307,1/28/21,1,F,4,2,64
Kp,AGM,sTUMS307,1/28/21,2,F,3,1,64
Kp,AGM,sTUMS307,1/28/21,2,F,4,2,32
Kp,AGM,sTUMS307,2/2/21,1,F,3,1,
Kp,AGM,sTUMS307,2/2/21,1,F,4,2,32
Kp,AGM,sTUMS307,2/2/21,2,F,3,1,32
Kp,AGM,sTUMS307,2/2/21,2,F,4,2,32
Kp,AM,sTUMS301,1/16/21,1,D,3,1,0.032
Kp,AM,sTUMS301,1/16/21,1,D,4,2,0.032
Kp,AM,sTUMS301,1/16/21,2,D,3,1,0.063
Kp,AM,sTUMS301,1/16/21,2,D,4,2,0.063
Kp,AM,sTUMS301,1/28/21,1,B,1,1,0.063
Kp,AM,sTUMS301,1/28/21,1,B,2,2,0.063
Kp,AM,sTUMS301,1/28/21,2,B,1,1,0.063
Kp,AM,sTUMS301,1/28/21,2,B,2,2,0.125
Kp,AM,sTUMS301,2/2/21,1,B,1,1,0.063
Kp,AM,sTUMS301,2/2/21,1,B,2,2,0.063
Kp,AM,sTUMS301,2/2/21,2,B,1,1,0.063
Kp,AM,sTUMS301,2/2/21,2,B,2,2,0.063
Kp,E,sTUMS290,1/16/21,1,A,5,1,0.125
Kp,E,sTUMS290,1/16/21,1,A,6,2,0.125
Kp,E,sTUMS290,1/16/21,2,A,5,1,0.125
Kp,E,sTUMS290,1/16/21,2,A,6,2,0.125
Kp,E,sTUMS290,1/28/21,1,B,5,1,0.125
Kp,E,sTUMS290,1/28/21,1,B,6,2,0.125
Kp,E,sTUMS290,1/28/21,2,B,5,1,0.125
Kp,E,sTUMS290,1/28/21,2,B,6,2,0.125
Kp,E,sTUMS290,2/2/21,1,B,5,1,0.125
Kp,E,sTUMS290,2/2/21,1,B,6,2,0.125
Kp,E,sTUMS290,2/2/21,2,B,5,1,0.125
Kp,E,sTUMS290,2/2/21,2,B,6,2,0.125
Kp,EG,sTUMS294,1/16/21,1,B,5,1,128
Kp,EG,sTUMS294,1/16/21,1,B,6,2,
Kp,EG,sTUMS294,1/16/21,2,B,5,1,256
Kp,EG,sTUMS294,1/16/21,2,B,6,2,256
Kp,EG,sTUMS294,1/28/21,1,F,7,1,64
Kp,EG,sTUMS294,1/28/21,1,F,8,2,64
Kp,EG,sTUMS294,1/28/21,2,F,7,1,64
Kp,EG,sTUMS294,1/28/21,2,F,8,2,32
Kp,EG,sTUMS294,2/2/21,1,F,7,1,128
Kp,EG,sTUMS294,2/2/21,1,F,8,2,128
Kp,EG,sTUMS294,2/2/21,2,F,7,1,128
Kp,EG,sTUMS294,2/2/21,2,F,8,2,128
Kp,EGM,sTUMS305,1/16/21,1,E,3,1,2049
Kp,EGM,sTUMS305,1/16/21,1,E,4,2,1024
Kp,EGM,sTUMS305,1/16/21,2,E,3,1,512
Kp,EGM,sTUMS305,1/16/21,2,E,4,2,1024
Kp,EGM,sTUMS305,1/28/21,1,H,5,1,256
Kp,EGM,sTUMS305,1/28/21,1,H,6,2,512
Kp,EGM,sTUMS305,1/28/21,2,H,5,1,256
Kp,EGM,sTUMS305,1/28/21,2,H,6,2,256
Kp,EGM,sTUMS305,2/2/21,1,H,5,1,512
Kp,EGM,sTUMS305,2/2/21,1,H,6,2,
Kp,EGM,sTUMS305,2/2/21,2,H,5,1,512
Kp,EGM,sTUMS305,2/2/21,2,H,6,2,512
Kp,EM,sTUMS299,1/16/21,1,C,7,1,0.125
Kp,EM,sTUMS299,1/16/21,1,C,8,2,0.063
Kp,EM,sTUMS299,1/16/21,2,C,7,1,0.125
Kp,EM,sTUMS299,1/16/21,2,C,8,2,0.125
Kp,EM,sTUMS299,1/28/21,1,B,7,1,0.125
Kp,EM,sTUMS299,1/28/21,1,B,8,2,0.125
Kp,EM,sTUMS299,1/28/21,2,B,7,1,0.125
Kp,EM,sTUMS299,1/28/21,2,B,8,2,0.125
Kp,EM,sTUMS299,2/2/21,1,B,7,1,0.125
Kp,EM,sTUMS299,2/2/21,1,B,8,2,0.125
Kp,EM,sTUMS299,2/2/21,2,B,7,1,0.063
Kp,EM,sTUMS299,2/2/21,2,B,8,2,0.125
Kp,G,sTUMS289,1/16/21,1,A,3,1,1
Kp,G,sTUMS289,1/16/21,1,A,4,2,1
Kp,G,sTUMS289,1/16/21,2,A,3,1,1
Kp,G,sTUMS289,1/16/21,2,A,4,2,1
Kp,G,sTUMS289,1/28/21,1,D,7,1,1
Kp,G,sTUMS289,1/28/21,1,D,8,2,1
Kp,G,sTUMS289,1/28/21,2,D,7,1,1
Kp,G,sTUMS289,1/28/21,2,D,8,2,2
Kp,G,sTUMS289,2/2/21,1,D,7,1,2
Kp,G,sTUMS289,2/2/21,1,D,8,2,1
Kp,G,sTUMS289,2/2/21,2,D,7,1,2
Kp,G,sTUMS289,2/2/21,2,D,8,2,1
Kp,GM,sTUMS296,1/16/21,1,C,1,1,32
Kp,GM,sTUMS296,1/16/21,1,C,2,2,32
Kp,GM,sTUMS296,1/16/21,2,C,1,1,32
Kp,GM,sTUMS296,1/16/21,2,C,2,2,32
Kp,GM,sTUMS296,1/28/21,1,E,5,1,8
Kp,GM,sTUMS296,1/28/21,1,E,6,2,4
Kp,GM,sTUMS296,1/28/21,2,E,5,1,16
Kp,GM,sTUMS296,1/28/21,2,E,6,2,8
Kp,GM,sTUMS296,2/2/21,1,E,5,1,32
Kp,GM,sTUMS296,2/2/21,1,E,6,2,
Kp,GM,sTUMS296,2/2/21,2,E,5,1,
Kp,GM,sTUMS296,2/2/21,2,E,6,2,
Kp,M,sTUMS292,1/16/21,1,B,1,1,0.063
Kp,M,sTUMS292,1/16/21,1,B,2,2,0.063
Kp,M,sTUMS292,1/16/21,2,B,1,1,0.063
Kp,M,sTUMS292,1/16/21,2,B,2,2,0.032
Kp,M,sTUMS292,1/28/21,1,A,5,1,0.063
Kp,M,sTUMS292,1/28/21,1,A,6,2,0.063
Kp,M,sTUMS292,1/28/21,2,A,5,1,0.063
Kp,M,sTUMS292,1/28/21,2,A,6,2,0.063
Kp,M,sTUMS292,2/2/21,1,A,5,1,0.063
Kp,M,sTUMS292,2/2/21,1,A,6,2,0.063
Kp,M,sTUMS292,2/2/21,2,A,5,1,0.063
Kp,M,sTUMS292,2/2/21,2,A,6,2,0.063
Kp,WT,sTUMS288,1/16/21,1,A,1,1,0.063
Kp,WT,sTUMS288,1/16/21,1,A,2,2,0.063
Kp,WT,sTUMS288,1/16/21,2,A,1,1,0.063
Kp,WT,sTUMS288,1/16/21,2,A,2,2,0.032
Kp,WT,sTUMS288,1/28/21,1,A,1,1,0.063
Kp,WT,sTUMS288,1/28/21,1,A,2,2,0.125
Kp,WT,sTUMS288,1/28/21,2,A,1,1,0.063
Kp,WT,sTUMS288,1/28/21,2,A,2,2,0.063
Kp,WT,sTUMS288,2/2/21,1,A,1,1,0.063
Kp,WT,sTUMS288,2/2/21,1,A,2,2,0.063
Kp,WT,sTUMS288,2/2/21,2,A,1,1,0.032
Kp,WT,sTUMS288,2/2/21,2,A,2,2,0.063
Kp,p,sTUMS293,1/16/21,1,B,3,1,0.063
Kp,p,sTUMS293,1/16/21,1,B,4,2,0.063
Kp,p,sTUMS293,1/16/21,2,B,3,1,0.063
Kp,p,sTUMS293,1/16/21,2,B,4,2,0.063
Kp,p,sTUMS293,1/28/21,1,A,7,1,0.063
Kp,p,sTUMS293,1/28/21,1,A,8,2,0.063
Kp,p,sTUMS293,1/28/21,2,A,7,1,0.063
Kp,p,sTUMS293,1/28/21,2,A,8,2,0.063
Kp,p,sTUMS293,2/2/21,1,A,7,1,0.063
Kp,p,sTUMS293,2/2/21,1,A,8,2,0.063
Kp,p,sTUMS293,2/2/21,2,A,7,1,0.063
Kp,p,sTUMS293,2/2/21,2,A,8,2,0.063
Kp,pA,sTUMS302,1/16/21,1,D,5,1,0.063
Kp,pA,sTUMS302,1/16/21,1,D,6,2,0.063
Kp,pA,sTUMS302,1/16/21,2,D,5,1,0.063
Kp,pA,sTUMS302,1/16/21,2,D,6,2,0.063
Kp,pA,sTUMS302,1/28/21,1,B,3,1,0.125
Kp,pA,sTUMS302,1/28/21,1,B,4,2,0.063
Kp,pA,sTUMS302,1/28/21,2,B,3,1,0.125
Kp,pA,sTUMS302,1/28/21,2,B,4,2,0.125
Kp,pA,sTUMS302,2/2/21,1,B,3,1,0.063
Kp,pA,sTUMS302,2/2/21,1,B,4,2,0.063
Kp,pA,sTUMS302,2/2/21,2,B,3,1,0.063
Kp,pA,sTUMS302,2/2/21,2,B,4,2,0.063
Kp,pAE,sTUMS311,1/16/21,1,F,7,1,0.5
Kp,pAE,sTUMS311,1/16/21,1,F,8,2,0.5
Kp,pAE,sTUMS311,1/16/21,2,F,7,1,0.5
Kp,pAE,sTUMS311,1/16/21,2,F,8,2,1
Kp,pAE,sTUMS311,1/28/21,1,E,3,1,1
Kp,pAE,sTUMS311,1/28/21,1,E,4,2,0.5
Kp,pAE,sTUMS311,1/28/21,2,E,3,1,0.5
Kp,pAE,sTUMS311,1/28/21,2,E,4,2,0.5
Kp,pAE,sTUMS311,2/2/21,1,E,3,1,0.5
Kp,pAE,sTUMS311,2/2/21,1,E,4,2,0.5
Kp,pAE,sTUMS311,2/2/21,2,E,3,1,0.5
Kp,pAE,sTUMS311,2/2/21,2,E,4,2,0.5
Kp,pAEG,sTUMS315,1/16/21,1,G,7,1,512
Kp,pAEG,sTUMS315,1/16/21,1,G,8,2,1024
Kp,pAEG,sTUMS315,1/16/21,2,G,7,1,512
Kp,pAEG,sTUMS315,1/16/21,2,G,8,2,1024
Kp,pAEG,sTUMS315,1/28/21,1,G,7,1,512
Kp,pAEG,sTUMS315,1/28/21,1,G,8,2,1024
Kp,pAEG,sTUMS315,1/28/21,2,G,7,1,512
Kp,pAEG,sTUMS315,1/28/21,2,G,8,2,1024
Kp,pAEG,sTUMS315,2/2/21,1,G,7,1,256
Kp,pAEG,sTUMS315,2/2/21,1,G,8,2,512
Kp,pAEG,sTUMS315,2/2/21,2,G,7,1,512
Kp,pAEG,sTUMS315,2/2/21,2,G,8,2,512
Kp,pAEGM,sTUMS319,1/16/21,1,H,7,1,2049
Kp,pAEGM,sTUMS319,1/16/21,1,H,8,2,2049
Kp,pAEGM,sTUMS319,1/16/21,2,H,7,1,2049
Kp,pAEGM,sTUMS319,1/16/21,2,H,8,2,2049
Kp,pAEGM,sTUMS319,1/28/21,1,H,7,1,
Kp,pAEGM,sTUMS319,1/28/21,1,H,8,2,2049
Kp,pAEGM,sTUMS319,1/28/21,2,H,7,1,1024
Kp,pAEGM,sTUMS319,1/28/21,2,H,8,2,2049
Kp,pAEGM,sTUMS319,2/2/21,1,H,7,1,1024
Kp,pAEGM,sTUMS319,2/2/21,1,H,8,2,1024
Kp,pAEGM,sTUMS319,2/2/21,2,H,7,1,512
Kp,pAEGM,sTUMS319,2/2/21,2,H,8,2,1024
Kp,pAEM,sTUMS317,1/16/21,1,H,3,1,0.5
Kp,pAEM,sTUMS317,1/16/21,1,H,4,2,0.5
Kp,pAEM,sTUMS317,1/16/21,2,H,3,1,0.25
Kp,pAEM,sTUMS317,1/16/21,2,H,4,2,0.25
Kp,pAEM,sTUMS317,1/28/21,1,D,5,1,0.5
Kp,pAEM,sTUMS317,1/28/21,1,D,6,2,0.5
Kp,pAEM,sTUMS317,1/28/21,2,D,5,1,0.5
Kp,pAEM,sTUMS317,1/28/21,2,D,6,2,0.5
Kp,pAEM,sTUMS317,2/2/21,1,D,5,1,0.25
Kp,pAEM,sTUMS317,2/2/21,1,D,6,2,0.25
Kp,pAEM,sTUMS317,2/2/21,2,D,5,1,0.25
Kp,pAEM,sTUMS317,2/2/21,2,D,6,2,0.25
Kp,pAG,sTUMS308,1/16/21,1,F,1,1,32
Kp,pAG,sTUMS308,1/16/21,1,F,2,2,
Kp,pAG,sTUMS308,1/16/21,2,F,1,1,128
Kp,pAG,sTUMS308,1/16/21,2,F,2,2,64
Kp,pAG,sTUMS308,1/28/21,1,F,5,1,
Kp,pAG,sTUMS308,1/28/21,1,F,6,2,32
Kp,pAG,sTUMS308,1/28/21,2,F,5,1,64
Kp,pAG,sTUMS308,1/28/21,2,F,6,2,16
Kp,pAG,sTUMS308,2/2/21,1,F,5,1,32
Kp,pAG,sTUMS308,2/2/21,1,F,6,2,64
Kp,pAG,sTUMS308,2/2/21,2,F,5,1,64
Kp,pAG,sTUMS308,2/2/21,2,F,6,2,64
Kp,pAGM,sTUMS318,1/16/21,1,H,5,1,256
Kp,pAGM,sTUMS318,1/16/21,1,H,6,2,128
Kp,pAGM,sTUMS318,1/16/21,2,H,5,1,256
Kp,pAGM,sTUMS318,1/16/21,2,H,6,2,256
Kp,pAGM,sTUMS318,1/28/21,1,G,3,1,256
Kp,pAGM,sTUMS318,1/28/21,1,G,4,2,256
Kp,pAGM,sTUMS318,1/28/21,2,G,3,1,128
Kp,pAGM,sTUMS318,1/28/21,2,G,4,2,256
Kp,pAGM,sTUMS318,2/2/21,1,G,3,1,128
Kp,pAGM,sTUMS318,2/2/21,1,G,4,2,64
Kp,pAGM,sTUMS318,2/2/21,2,G,3,1,128
Kp,pAGM,sTUMS318,2/2/21,2,G,4,2,128
Kp,pAM,sTUMS313,1/16/21,1,G,3,1,0.063
Kp,pAM,sTUMS313,1/16/21,1,G,4,2,0.063
Kp,pAM,sTUMS313,1/16/21,2,G,3,1,0.063
Kp,pAM,sTUMS313,1/16/21,2,G,4,2,0.063
Kp,pAM,sTUMS313,1/28/21,1,C,3,1,0.063
Kp,pAM,sTUMS313,1/28/21,1,C,4,2,0.063
Kp,pAM,sTUMS313,1/28/21,2,C,3,1,0.063
Kp,pAM,sTUMS313,1/28/21,2,C,4,2,0.063
Kp,pAM,sTUMS313,2/2/21,1,C,3,1,0.063
Kp,pAM,sTUMS313,2/2/21,1,C,4,2,0.063
Kp,pAM,sTUMS313,2/2/21,2,C,3,1,0.063
Kp,pAM,sTUMS313,2/2/21,2,C,4,2,0.063
Kp,pE,sTUMS300,1/16/21,1,D,1,1,0.125
Kp,pE,sTUMS300,1/16/21,1,D,2,2,0.25
Kp,pE,sTUMS300,1/16/21,2,D,1,1,0.125
Kp,pE,sTUMS300,1/16/21,2,D,2,2,0.25
Kp,pE,sTUMS300,1/28/21,1,D,1,1,0.125
Kp,pE,sTUMS300,1/28/21,1,D,2,2,0.125
Kp,pE,sTUMS300,1/28/21,2,D,1,1,0.25
Kp,pE,sTUMS300,1/28/21,2,D,2,2,0.25
Kp,pE,sTUMS300,2/2/21,1,D,1,1,0.125
Kp,pE,sTUMS300,2/2/21,1,D,2,2,0.125
Kp,pE,sTUMS300,2/2/21,2,D,1,1,0.125
Kp,pE,sTUMS300,2/2/21,2,D,2,2,0.125
Kp,pEG,sTUMS306,1/16/21,1,E,5,1,256
Kp,pEG,sTUMS306,1/16/21,1,E,6,2,256
Kp,pEG,sTUMS306,1/16/21,2,E,5,1,
Kp,pEG,sTUMS306,1/16/21,2,E,6,2,64
Kp,pEG,sTUMS306,1/28/21,1,G,1,1,64
Kp,pEG,sTUMS306,1/28/21,1,G,2,2,64
Kp,pEG,sTUMS306,1/28/21,2,G,1,1,64
Kp,pEG,sTUMS306,1/28/21,2,G,2,2,64
Kp,pEG,sTUMS306,2/2/21,1,G,1,1,64
Kp,pEG,sTUMS306,2/2/21,1,G,2,2,16
Kp,pEG,sTUMS306,2/2/21,2,G,1,1,16
Kp,pEG,sTUMS306,2/2/21,2,G,2,2,32
Kp,pEGM,sTUMS316,1/16/21,1,H,1,1,512
Kp,pEGM,sTUMS316,1/16/21,1,H,2,2,512
Kp,pEGM,sTUMS316,1/16/21,2,H,1,1,1024
Kp,pEGM,sTUMS316,1/16/21,2,H,2,2,1024
Kp,pEGM,sTUMS316,1/28/21,1,H,1,1,512
Kp,pEGM,sTUMS316,1/28/21,1,H,2,2,512
Kp,pEGM,sTUMS316,1/28/21,2,H,1,1,512
Kp,pEGM,sTUMS316,1/28/21,2,H,2,2,512
Kp,pEGM,sTUMS316,2/2/21,1,H,1,1,512
Kp,pEGM,sTUMS316,2/2/21,1,H,2,2,512
Kp,pEGM,sTUMS316,2/2/21,2,H,1,1,1024
Kp,pEGM,sTUMS316,2/2/21,2,H,2,2,512
Kp,pEM,sTUMS312,1/16/21,1,G,1,1,0.125
Kp,pEM,sTUMS312,1/16/21,1,G,2,2,0.125
Kp,pEM,sTUMS312,1/16/21,2,G,1,1,0.25
Kp,pEM,sTUMS312,1/16/21,2,G,2,2,0.25
Kp,pEM,sTUMS312,1/28/21,1,C,7,1,0.25
Kp,pEM,sTUMS312,1/28/21,1,C,8,2,0.25
Kp,pEM,sTUMS312,1/28/21,2,C,7,1,0.25
Kp,pEM,sTUMS312,1/28/21,2,C,8,2,0.25
Kp,pEM,sTUMS312,2/2/21,1,C,7,1,0.125
Kp,pEM,sTUMS312,2/2/21,1,C,8,2,0.125
Kp,pEM,sTUMS312,2/2/21,2,C,7,1,0.125
Kp,pEM,sTUMS312,2/2/21,2,C,8,2,0.125
Kp,pG,sTUMS297,1/16/21,1,C,3,1,1
Kp,pG,sTUMS297,1/16/21,1,C,4,2,1
Kp,pG,sTUMS297,1/16/21,2,C,3,1,1
Kp,pG,sTUMS297,1/16/21,2,C,4,2,1
Kp,pG,sTUMS297,1/28/21,1,E,1,1,2
Kp,pG,sTUMS297,1/28/21,1,E,2,2,2
Kp,pG,sTUMS297,1/28/21,2,E,1,1,2
Kp,pG,sTUMS297,1/28/21,2,E,2,2,2
Kp,pG,sTUMS297,2/2/21,1,E,1,1,1
Kp,pG,sTUMS297,2/2/21,1,E,2,2,0.5
Kp,pG,sTUMS297,2/2/21,2,E,1,1,1
Kp,pG,sTUMS297,2/2/21,2,E,2,2,1
Kp,pGM,sTUMS309,1/16/21,1,F,3,1,
Kp,pGM,sTUMS309,1/16/21,1,F,4,2,32
Kp,pGM,sTUMS309,1/16/21,2,F,3,1,32
Kp,pGM,sTUMS309,1/16/21,2,F,4,2,
Kp,pGM,sTUMS309,1/28/21,1,E,7,1,8
Kp,pGM,sTUMS309,1/28/21,1,E,8,2,16
Kp,pGM,sTUMS309,1/28/21,2,E,7,1,16
Kp,pGM,sTUMS309,1/28/21,2,E,8,2,32
Kp,pGM,sTUMS309,2/2/21,1,E,7,1,32
Kp,pGM,sTUMS309,2/2/21,1,E,8,2,32
Kp,pGM,sTUMS309,2/2/21,2,E,7,1,32
Kp,pGM,sTUMS309,2/2/21,2,E,8,2,32
Kp,pM,sTUMS303,1/16/21,1,D,7,1,0.063
Kp,pM,sTUMS303,1/16/21,1,D,8,2,0.063
Kp,pM,sTUMS303,1/16/21,2,D,7,1,0.125
Kp,pM,sTUMS303,1/16/21,2,D,8,2,0.063
Kp,pM,sTUMS303,1/28/21,1,C,1,1,0.063
Kp,pM,sTUMS303,1/28/21,1,C,2,2,0.063
Kp,pM,sTUMS303,1/28/21,2,C,1,1,0.125
Kp,pM,sTUMS303,1/28/21,2,C,2,2,0.063
Kp,pM,sTUMS303,2/2/21,1,C,1,1,0.125
Kp,pM,sTUMS303,2/2/21,1,C,2,2,0.063
Kp,pM,sTUMS303,2/2/21,2,C,1,1,0.063
Kp,pM,sTUMS303,2/2/21,2,C,2,2,0.063
Se,A,sTUMS323,1/16/21,1,A,7,1,0.125
Se,A,sTUMS323,1/16/21,1,A,8,2,0.25
Se,A,sTUMS323,1/16/21,2,A,7,1,0.125
Se,A,sTUMS323,1/16/21,2,A,8,2,0.125
Se,A,sTUMS323,1/28/21,1,B,3,1,0.25
Se,A,sTUMS323,1/28/21,1,B,4,2,0.25
Se,A,sTUMS323,1/28/21,2,B,3,1,0.25
Se,A,sTUMS323,1/28/21,2,B,4,2,0.25
Se,A,sTUMS323,2/2/21,1,B,3,1,0.063
Se,A,sTUMS323,2/2/21,1,B,4,2,0.063
Se,A,sTUMS323,2/2/21,2,B,3,1,0.125
Se,A,sTUMS323,2/2/21,2,B,4,2,0.125
Se,AE,sTUMS330,1/16/21,1,C,5,1,1
Se,AE,sTUMS330,1/16/21,1,C,6,2,1
Se,AE,sTUMS330,1/16/21,2,C,5,1,1
Se,AE,sTUMS330,1/16/21,2,C,6,2,1
Se,AE,sTUMS330,1/28/21,1,D,1,1,1
Se,AE,sTUMS330,1/28/21,1,D,2,2,1
Se,AE,sTUMS330,1/28/21,2,D,1,1,1
Se,AE,sTUMS330,1/28/21,2,D,2,2,1
Se,AE,sTUMS330,2/2/21,1,D,1,1,0.5
Se,AE,sTUMS330,2/2/21,1,D,2,2,0.5
Se,AE,sTUMS330,2/2/21,2,D,1,1,0.5
Se,AE,sTUMS330,2/2/21,2,D,2,2,0.5
Se,AEG,sTUMS336,1/16/21,1,E,1,1,512
Se,AEG,sTUMS336,1/16/21,1,E,2,2,1024
Se,AEG,sTUMS336,1/16/21,2,E,1,1,1024
Se,AEG,sTUMS336,1/16/21,2,E,2,2,1024
Se,AEG,sTUMS336,1/28/21,1,G,5,1,2049
Se,AEG,sTUMS336,1/28/21,1,G,6,2,2049
Se,AEG,sTUMS336,1/28/21,2,G,5,1,2049
Se,AEG,sTUMS336,1/28/21,2,G,6,2,2049
Se,AEG,sTUMS336,2/2/21,1,G,5,1,512
Se,AEG,sTUMS336,2/2/21,1,G,6,2,512
Se,AEG,sTUMS336,2/2/21,2,G,5,1,512
Se,AEG,sTUMS336,2/2/21,2,G,6,2,1024
Se,AEGM,sTUMS346,1/16/21,1,G,5,1,1024
Se,AEGM,sTUMS346,1/16/21,1,G,6,2,1024
Se,AEGM,sTUMS346,1/16/21,2,G,5,1,2049
Se,AEGM,sTUMS346,1/16/21,2,G,6,2,2049
Se,AEGM,sTUMS346,1/28/21,1,H,3,1,2049
Se,AEGM,sTUMS346,1/28/21,1,H,4,2,512
Se,AEGM,sTUMS346,1/28/21,2,H,3,1,1024
Se,AEGM,sTUMS346,1/28/21,2,H,4,2,1024
Se,AEGM,sTUMS346,2/2/21,1,H,3,1,512
Se,AEGM,sTUMS346,2/2/21,1,H,4,2,512
Se,AEGM,sTUMS346,2/2/21,2,H,3,1,512
Se,AEGM,sTUMS346,2/2/21,2,H,4,2,1024
Se,AEM,sTUMS342,1/16/21,1,F,5,1,0.5
Se,AEM,sTUMS342,1/16/21,1,F,6,2,1
Se,AEM,sTUMS342,1/16/21,2,F,5,1,1
Se,AEM,sTUMS342,1/16/21,2,F,6,2,0.5
Se,AEM,sTUMS342,1/28/21,1,D,3,1,1
Se,AEM,sTUMS342,1/28/21,1,D,4,2,2
Se,AEM,sTUMS342,1/28/21,2,D,3,1,1
Se,AEM,sTUMS342,1/28/21,2,D,4,2,1
Se,AEM,sTUMS342,2/2/21,1,D,3,1,0.5
Se,AEM,sTUMS342,2/2/21,1,D,4,2,0.5
Se,AEM,sTUMS342,2/2/21,2,D,3,1,0.5
Se,AEM,sTUMS342,2/2/21,2,D,4,2,0.5
Se,AG,sTUMS327,1/16/21,1,B,7,1,256
Se,AG,sTUMS327,1/16/21,1,B,8,2,256
Se,AG,sTUMS327,1/16/21,2,B,7,1,128
Se,AG,sTUMS327,1/16/21,2,B,8,2,128
Se,AG,sTUMS327,1/28/21,1,F,1,1,256
Se,AG,sTUMS327,1/28/21,1,F,2,2,256
Se,AG,sTUMS327,1/28/21,2,F,1,1,256
Se,AG,sTUMS327,1/28/21,2,F,2,2,512
Se,AG,sTUMS327,2/2/21,1,F,1,1,64
Se,AG,sTUMS327,2/2/21,1,F,2,2,64
Se,AG,sTUMS327,2/2/21,2,F,1,1,64
Se,AG,sTUMS327,2/2/21,2,F,2,2,32
Se,AGM,sTUMS339,1/16/21,1,E,7,1,256
Se,AGM,sTUMS339,1/16/21,1,E,8,2,256
Se,AGM,sTUMS339,1/16/21,2,E,7,1,128
Se,AGM,sTUMS339,1/16/21,2,E,8,2,256
Se,AGM,sTUMS339,1/28/21,1,F,5,1,512
Se,AGM,sTUMS339,1/28/21,1,F,6,2,256
Se,AGM,sTUMS339,1/28/21,2,F,5,1,256
Se,AGM,sTUMS339,1/28/21,2,F,6,2,256
Se,AGM,sTUMS339,2/2/21,1,F,5,1,128
Se,AGM,sTUMS339,2/2/21,1,F,6,2,128
Se,AGM,sTUMS339,2/2/21,2,F,5,1,128
Se,AGM,sTUMS339,2/2/21,2,F,6,2,128
Se,AM,sTUMS333,1/16/21,1,D,3,1,0.125
Se,AM,sTUMS333,1/16/21,1,D,4,2,0.125
Se,AM,sTUMS333,1/16/21,2,D,3,1,0.125
Se,AM,sTUMS333,1/16/21,2,D,4,2,0.063
Se,AM,sTUMS333,1/28/21,1,A,7,1,0.125
Se,AM,sTUMS333,1/28/21,1,A,8,2,0.125
Se,AM,sTUMS333,1/28/21,2,A,7,1,0.125
Se,AM,sTUMS333,1/28/21,2,A,8,2,0.125
Se,AM,sTUMS333,2/2/21,1,A,7,1,0.063
Se,AM,sTUMS333,2/2/21,1,A,8,2,0.032
Se,AM,sTUMS333,2/2/21,2,A,7,1,0.125
Se,AM,sTUMS333,2/2/21,2,A,8,2,0.063
Se,E,sTUMS322,1/16/21,1,A,5,1,0.25
Se,E,sTUMS322,1/16/21,1,A,6,2,0.5
Se,E,sTUMS322,1/16/21,2,A,5,1,0.25
Se,E,sTUMS322,1/16/21,2,A,6,2,0.25
Se,E,sTUMS322,1/28/21,1,C,3,1,0.25
Se,E,sTUMS322,1/28/21,1,C,4,2,0.25
Se,E,sTUMS322,1/28/21,2,C,3,1,0.25
Se,E,sTUMS322,1/28/21,2,C,4,2,0.25
Se,E,sTUMS322,2/2/21,1,C,3,1,0.125
Se,E,sTUMS322,2/2/21,1,C,4,2,0.125
Se,E,sTUMS322,2/2/21,2,C,3,1,0.25
Se,E,sTUMS322,2/2/21,2,C,4,2,0.25
Se,EG,sTUMS326,1/16/21,1,B,5,1,256
Se,EG,sTUMS326,1/16/21,1,B,6,2,256
Se,EG,sTUMS326,1/16/21,2,B,5,1,128
Se,EG,sTUMS326,1/16/21,2,B,6,2,256
Se,EG,sTUMS326,1/28/21,1,E,7,1,256
Se,EG,sTUMS326,1/28/21,1,E,8,2,256
Se,EG,sTUMS326,1/28/21,2,E,7,1,256
Se,EG,sTUMS326,1/28/21,2,E,8,2,512
Se,EG,sTUMS326,2/2/21,1,E,7,1,128
Se,EG,sTUMS326,2/2/21,1,E,8,2,256
Se,EG,sTUMS326,2/2/21,2,E,7,1,256
Se,EG,sTUMS326,2/2/21,2,E,8,2,256
Se,EGM,sTUMS337,1/16/21,1,E,3,1,512
Se,EGM,sTUMS337,1/16/21,1,E,4,2,1024
Se,EGM,sTUMS337,1/16/21,2,E,3,1,512
Se,EGM,sTUMS337,1/16/21,2,E,4,2,1024
Se,EGM,sTUMS337,1/28/21,1,G,7,1,512
Se,EGM,sTUMS337,1/28/21,1,G,8,2,1024
Se,EGM,sTUMS337,1/28/21,2,G,7,1,1024
Se,EGM,sTUMS337,1/28/21,2,G,8,2,1024
Se,EGM,sTUMS337,2/2/21,1,G,7,1,512
Se,EGM,sTUMS337,2/2/21,1,G,8,2,512
Se,EGM,sTUMS337,2/2/21,2,G,7,1,512
Se,EGM,sTUMS337,2/2/21,2,G,8,2,512
Se,EM,sTUMS331,1/16/21,1,C,7,1,0.25
Se,EM,sTUMS331,1/16/21,1,C,8,2,0.25
Se,EM,sTUMS331,1/16/21,2,C,7,1,0.25
Se,EM,sTUMS331,1/16/21,2,C,8,2,0.25
Se,EM,sTUMS331,1/28/21,1,B,5,1,0.25
Se,EM,sTUMS331,1/28/21,1,B,6,2,0.25
Se,EM,sTUMS331,1/28/21,2,B,5,1,0.25
Se,EM,sTUMS331,1/28/21,2,B,6,2,0.25
Se,EM,sTUMS331,2/2/21,1,B,5,1,0.25
Se,EM,sTUMS331,2/2/21,1,B,6,2,0.25
Se,EM,sTUMS331,2/2/21,2,B,5,1,
Se,EM,sTUMS331,2/2/21,2,B,6,2,0.25
Se,G,sTUMS321,1/16/21,1,A,3,1,2
Se,G,sTUMS321,1/16/21,1,A,4,2,2
Se,G,sTUMS321,1/16/21,2,A,3,1,4
Se,G,sTUMS321,1/16/21,2,A,4,2,4
Se,G,sTUMS321,1/28/21,1,E,1,1,8
Se,G,sTUMS321,1/28/21,1,E,2,2,32
Se,G,sTUMS321,1/28/21,2,E,1,1,32
Se,G,sTUMS321,1/28/21,2,E,2,2,32
Se,G,sTUMS321,2/2/21,1,E,1,1,
Se,G,sTUMS321,2/2/21,1,E,2,2,4
Se,G,sTUMS321,2/2/21,2,E,1,1,4
Se,G,sTUMS321,2/2/21,2,E,2,2,4
Se,GM,sTUMS328,1/16/21,1,C,1,1,64
Se,GM,sTUMS328,1/16/21,1,C,2,2,64
Se,GM,sTUMS328,1/16/21,2,C,1,1,
Se,GM,sTUMS328,1/16/21,2,C,2,2,128
Se,GM,sTUMS328,1/28/21,1,E,5,1,64
Se,GM,sTUMS328,1/28/21,1,E,6,2,32
Se,GM,sTUMS328,1/28/21,2,E,5,1,32
Se,GM,sTUMS328,1/28/21,2,E,6,2,32
Se,GM,sTUMS328,2/2/21,1,E,5,1,32
Se,GM,sTUMS328,2/2/21,1,E,6,2,32
Se,GM,sTUMS328,2/2/21,2,E,5,1,32
Se,GM,sTUMS328,2/2/21,2,E,6,2,32
Se,M,sTUMS324,1/16/21,1,B,1,1,0.063
Se,M,sTUMS324,1/16/21,1,B,2,2,0.063
Se,M,sTUMS324,1/16/21,2,B,1,1,0.063
Se,M,sTUMS324,1/16/21,2,B,2,2,0.125
Se,M,sTUMS324,1/28/21,1,A,3,1,0.125
Se,M,sTUMS324,1/28/21,1,A,4,2,0.125
Se,M,sTUMS324,1/28/21,2,A,3,1,0.125
Se,M,sTUMS324,1/28/21,2,A,4,2,0.125
Se,M,sTUMS324,2/2/21,1,A,3,1,0.063
Se,M,sTUMS324,2/2/21,1,A,4,2,0.063
Se,M,sTUMS324,2/2/21,2,A,3,1,0.125
Se,M,sTUMS324,2/2/21,2,A,4,2,0.125
Se,WT,sTUMS320,1/16/21,1,A,1,1,0.125
Se,WT,sTUMS320,1/16/21,1,A,2,2,0.063
Se,WT,sTUMS320,1/16/21,2,A,1,1,0.125
Se,WT,sTUMS320,1/16/21,2,A,2,2,0.125
Se,WT,sTUMS320,1/28/21,1,A,1,1,0.125
Se,WT,sTUMS320,1/28/21,1,A,2,2,0.125
Se,WT,sTUMS320,1/28/21,2,A,1,1,0.125
Se,WT,sTUMS320,1/28/21,2,A,2,2,0.125
Se,WT,sTUMS320,2/2/21,1,A,1,1,0.063
Se,WT,sTUMS320,2/2/21,1,A,2,2,0.063
Se,WT,sTUMS320,2/2/21,2,A,1,1,0.063
Se,WT,sTUMS320,2/2/21,2,A,2,2,0.125
Se,p,sTUMS325,1/16/21,1,B,3,1,0.125
Se,p,sTUMS325,1/16/21,1,B,4,2,0.063
Se,p,sTUMS325,1/16/21,2,B,3,1,
Se,p,sTUMS325,1/16/21,2,B,4,2,0.125
Se,p,sTUMS325,1/28/21,1,A,5,1,0.25
Se,p,sTUMS325,1/28/21,1,A,6,2,0.125
Se,p,sTUMS325,1/28/21,2,A,5,1,0.25
Se,p,sTUMS325,1/28/21,2,A,6,2,0.25
Se,p,sTUMS325,2/2/21,1,A,5,1,0.125
Se,p,sTUMS325,2/2/21,1,A,6,2,0.125
Se,p,sTUMS325,2/2/21,2,A,5,1,0.125
Se,p,sTUMS325,2/2/21,2,A,6,2,0.125
Se,pA,sTUMS334,1/16/21,1,D,5,1,0.125
Se,pA,sTUMS334,1/16/21,1,D,6,2,0.125
Se,pA,sTUMS334,1/16/21,2,D,5,1,0.125
Se,pA,sTUMS334,1/16/21,2,D,6,2,0.125
Se,pA,sTUMS334,1/28/21,1,B,1,1,0.125
Se,pA,sTUMS334,1/28/21,1,B,2,2,0.25
Se,pA,sTUMS334,1/28/21,2,B,1,1,0.125
Se,pA,sTUMS334,1/28/21,2,B,2,2,0.125
Se,pA,sTUMS334,2/2/21,1,B,1,1,0.125
Se,pA,sTUMS334,2/2/21,1,B,2,2,0.125
Se,pA,sTUMS334,2/2/21,2,B,1,1,0.125
Se,pA,sTUMS334,2/2/21,2,B,2,2,0.125
Se,pAE,sTUMS343,1/16/21,1,F,7,1,2
Se,pAE,sTUMS343,1/16/21,1,F,8,2,2
Se,pAE,sTUMS343,1/16/21,2,F,7,1,2
Se,pAE,sTUMS343,1/16/21,2,F,8,2,2
Se,pAE,sTUMS343,1/28/21,1,D,5,1,2
Se,pAE,sTUMS343,1/28/21,1,D,6,2,4
Se,pAE,sTUMS343,1/28/21,2,D,5,1,4
Se,pAE,sTUMS343,1/28/21,2,D,6,2,2
Se,pAE,sTUMS343,2/2/21,1,D,5,1,4
Se,pAE,sTUMS343,2/2/21,1,D,6,2,2
Se,pAE,sTUMS343,2/2/21,2,D,5,1,2
Se,pAE,sTUMS343,2/2/21,2,D,6,2,2
Se,pAEG,sTUMS347,1/16/21,1,G,7,1,1024
Se,pAEG,sTUMS347,1/16/21,1,G,8,2,1024
Se,pAEG,sTUMS347,1/16/21,2,G,7,1,1024
Se,pAEG,sTUMS347,1/16/21,2,G,8,2,1024
Se,pAEG,sTUMS347,1/28/21,1,H,1,1,2049
Se,pAEG,sTUMS347,1/28/21,1,H,2,2,1024
Se,pAEG,sTUMS347,1/28/21,2,H,1,1,2049
Se,pAEG,sTUMS347,1/28/21,2,H,2,2,1024
Se,pAEG,sTUMS347,2/2/21,1,H,1,1,512
Se,pAEG,sTUMS347,2/2/21,1,H,2,2,512
Se,pAEG,sTUMS347,2/2/21,2,H,1,1,512
Se,pAEG,sTUMS347,2/2/21,2,H,2,2,1024
Se,pAEGM,sTUMS351,1/16/21,1,H,7,1,1024
Se,pAEGM,sTUMS351,1/16/21,1,H,8,2,1024
Se,pAEGM,sTUMS351,1/16/21,2,H,7,1,1024
Se,pAEGM,sTUMS351,1/16/21,2,H,8,2,2049
Se,pAEGM,sTUMS351,1/28/21,1,H,7,1,2049
Se,pAEGM,sTUMS351,1/28/21,1,H,8,2,1024
Se,pAEGM,sTUMS351,1/28/21,2,H,7,1,2049
Se,pAEGM,sTUMS351,1/28/21,2,H,8,2,1024
Se,pAEGM,sTUMS351,2/2/21,1,H,7,1,1024
Se,pAEGM,sTUMS351,2/2/21,1,H,8,2,1024
Se,pAEGM,sTUMS351,2/2/21,2,H,7,1,2049
Se,pAEGM,sTUMS351,2/2/21,2,H,8,2,2049
Se,pAEM,sTUMS349,1/16/21,1,H,3,1,1
Se,pAEM,sTUMS349,1/16/21,1,H,4,2,1
Se,pAEM,sTUMS349,1/16/21,2,H,3,1,2
Se,pAEM,sTUMS349,1/16/21,2,H,4,2,2
Se,pAEM,sTUMS349,1/28/21,1,D,7,1,
Se,pAEM,sTUMS349,1/28/21,1,D,8,2,1
Se,pAEM,sTUMS349,1/28/21,2,D,7,1,1
Se,pAEM,sTUMS349,1/28/21,2,D,8,2,2
Se,pAEM,sTUMS349,2/2/21,1,D,7,1,1
Se,pAEM,sTUMS349,2/2/21,1,D,8,2,1
Se,pAEM,sTUMS349,2/2/21,2,D,7,1,1
Se,pAEM,sTUMS349,2/2/21,2,D,8,2,1
Se,pAG,sTUMS340,1/16/21,1,F,1,1,256
Se,pAG,sTUMS340,1/16/21,1,F,2,2,256
Se,pAG,sTUMS340,1/16/21,2,F,1,1,256
Se,pAG,sTUMS340,1/16/21,2,F,2,2,256
Se,pAG,sTUMS340,1/28/21,1,F,7,1,512
Se,pAG,sTUMS340,1/28/21,1,F,8,2,512
Se,pAG,sTUMS340,1/28/21,2,F,7,1,512
Se,pAG,sTUMS340,1/28/21,2,F,8,2,256
Se,pAG,sTUMS340,2/2/21,1,F,7,1,128
Se,pAG,sTUMS340,2/2/21,1,F,8,2,128
Se,pAG,sTUMS340,2/2/21,2,F,7,1,128
Se,pAG,sTUMS340,2/2/21,2,F,8,2,128
Se,pAGM,sTUMS350,1/16/21,1,H,5,1,512
Se,pAGM,sTUMS350,1/16/21,1,H,6,2,
Se,pAGM,sTUMS350,1/16/21,2,H,5,1,
Se,pAGM,sTUMS350,1/16/21,2,H,6,2,512
Se,pAGM,sTUMS350,1/28/21,1,G,3,1,512
Se,pAGM,sTUMS350,1/28/21,1,G,4,2,256
Se,pAGM,sTUMS350,1/28/21,2,G,3,1,512
Se,pAGM,sTUMS350,1/28/21,2,G,4,2,512
Se,pAGM,sTUMS350,2/2/21,1,G,3,1,
Se,pAGM,sTUMS350,2/2/21,1,G,4,2,512
Se,pAGM,sTUMS350,2/2/21,2,G,3,1,512
Se,pAGM,sTUMS350,2/2/21,2,G,4,2,512
Se,pAM,sTUMS345,1/16/21,1,G,3,1,0.125
Se,pAM,sTUMS345,1/16/21,1,G,4,2,0.25
Se,pAM,sTUMS345,1/16/21,2,G,3,1,0.25
Se,pAM,sTUMS345,1/16/21,2,G,4,2,0.125
Se,pAM,sTUMS345,1/28/21,1,C,1,1,0.125
Se,pAM,sTUMS345,1/28/21,1,C,2,2,0.125
Se,pAM,sTUMS345,1/28/21,2,C,1,1,0.125
Se,pAM,sTUMS345,1/28/21,2,C,2,2,0.125
Se,pAM,sTUMS345,2/2/21,1,C,1,1,0.063
Se,pAM,sTUMS345,2/2/21,1,C,2,2,0.125
Se,pAM,sTUMS345,2/2/21,2,C,1,1,0.125
Se,pAM,sTUMS345,2/2/21,2,C,2,2,0.125
Se,pE,sTUMS332,1/16/21,1,D,1,1,0.5
Se,pE,sTUMS332,1/16/21,1,D,2,2,0.5
Se,pE,sTUMS332,1/16/21,2,D,1,1,0.5
Se,pE,sTUMS332,1/16/21,2,D,2,2,0.5
Se,pE,sTUMS332,1/28/21,1,C,5,1,0.5
Se,pE,sTUMS332,1/28/21,1,C,6,2,0.5
Se,pE,sTUMS332,1/28/21,2,C,5,1,0.5
Se,pE,sTUMS332,1/28/21,2,C,6,2,0.5
Se,pE,sTUMS332,2/2/21,1,C,5,1,0.25
Se,pE,sTUMS332,2/2/21,1,C,6,2,0.25
Se,pE,sTUMS332,2/2/21,2,C,5,1,0.25
Se,pE,sTUMS332,2/2/21,2,C,6,2,0.25
Se,pEG,sTUMS338,1/16/21,1,E,5,1,256
Se,pEG,sTUMS338,1/16/21,1,E,6,2,256
Se,pEG,sTUMS338,1/16/21,2,E,5,1,256
Se,pEG,sTUMS338,1/16/21,2,E,6,2,256
Se,pEG,sTUMS338,1/28/21,1,F,3,1,256
Se,pEG,sTUMS338,1/28/21,1,F,4,2,256
Se,pEG,sTUMS338,1/28/21,2,F,3,1,256
Se,pEG,sTUMS338,1/28/21,2,F,4,2,256
Se,pEG,sTUMS338,2/2/21,1,F,3,1,256
Se,pEG,sTUMS338,2/2/21,1,F,4,2,128
Se,pEG,sTUMS338,2/2/21,2,F,3,1,128
Se,pEG,sTUMS338,2/2/21,2,F,4,2,128
Se,pEGM,sTUMS348,1/16/21,1,H,1,1,2049
Se,pEGM,sTUMS348,1/16/21,1,H,2,2,1024
Se,pEGM,sTUMS348,1/16/21,2,H,1,1,2049
Se,pEGM,sTUMS348,1/16/21,2,H,2,2,1024
Se,pEGM,sTUMS348,1/28/21,1,H,5,1,1024
Se,pEGM,sTUMS348,1/28/21,1,H,6,2,1024
Se,pEGM,sTUMS348,1/28/21,2,H,5,1,1024
Se,pEGM,sTUMS348,1/28/21,2,H,6,2,2049
Se,pEGM,sTUMS348,2/2/21,1,H,5,1,1024
Se,pEGM,sTUMS348,2/2/21,1,H,6,2,512
Se,pEGM,sTUMS348,2/2/21,2,H,5,1,512
Se,pEGM,sTUMS348,2/2/21,2,H,6,2,512
Se,pEM,sTUMS344,1/16/21,1,G,1,1,0.5
Se,pEM,sTUMS344,1/16/21,1,G,2,2,0.5
Se,pEM,sTUMS344,1/16/21,2,G,1,1,0.5
Se,pEM,sTUMS344,1/16/21,2,G,2,2,0.5
Se,pEM,sTUMS344,1/28/21,1,C,7,1,0.5
Se,pEM,sTUMS344,1/28/21,1,C,8,2,0.5
Se,pEM,sTUMS344,1/28/21,2,C,7,1,0.5
Se,pEM,sTUMS344,1/28/21,2,C,8,2,
Se,pEM,sTUMS344,2/2/21,1,C,7,1,0.5
Se,pEM,sTUMS344,2/2/21,1,C,8,2,0.5
Se,pEM,sTUMS344,2/2/21,2,C,7,1,0.5
Se,pEM,sTUMS344,2/2/21,2,C,8,2,0.25
Se,pG,sTUMS329,1/16/21,1,C,3,1,4
Se,pG,sTUMS329,1/16/21,1,C,4,2,4
Se,pG,sTUMS329,1/16/21,2,C,3,1,4
Se,pG,sTUMS329,1/16/21,2,C,4,2,4
Se,pG,sTUMS329,1/28/21,1,E,3,1,8
Se,pG,sTUMS329,1/28/21,1,E,4,2,4
Se,pG,sTUMS329,1/28/21,2,E,3,1,8
Se,pG,sTUMS329,1/28/21,2,E,4,2,8
Se,pG,sTUMS329,2/2/21,1,E,3,1,4
Se,pG,sTUMS329,2/2/21,1,E,4,2,4
Se,pG,sTUMS329,2/2/21,2,E,3,1,4
Se,pG,sTUMS329,2/2/21,2,E,4,2,4
Se,pGM,sTUMS341,1/16/21,1,F,3,1,256
Se,pGM,sTUMS341,1/16/21,1,F,4,2,64
Se,pGM,sTUMS341,1/16/21,2,F,3,1,128
Se,pGM,sTUMS341,1/16/21,2,F,4,2,128
Se,pGM,sTUMS341,1/28/21,1,G,1,1,128
Se,pGM,sTUMS341,1/28/21,1,G,2,2,256
Se,pGM,sTUMS341,1/28/21,2,G,1,1,128
Se,pGM,sTUMS341,1/28/21,2,G,2,2,256
Se,pGM,sTUMS341,2/2/21,1,G,1,1,64
Se,pGM,sTUMS341,2/2/21,1,G,2,2,128
Se,pGM,sTUMS341,2/2/21,2,G,1,1,128
Se,pGM,sTUMS341,2/2/21,2,G,2,2,64
Se,pM,sTUMS335,1/16/21,1,D,7,1,0.25
Se,pM,sTUMS335,1/16/21,1,D,8,2,0.125
Se,pM,sTUMS335,1/16/21,2,D,7,1,
Se,pM,sTUMS335,1/16/21,2,D,8,2,0.125
Se,pM,sTUMS335,1/28/21,1,B,7,1,0.125
Se,pM,sTUMS335,1/28/21,1,B,8,2,0.125
Se,pM,sTUMS335,1/28/21,2,B,7,1,0.125
Se,pM,sTUMS335,1/28/21,2,B,8,2,0.125
Se,pM,sTUMS335,2/2/21,1,B,7,1,0.125
Se,pM,sTUMS335,2/2/21,1,B,8,2,0.125
Se,pM,sTUMS335,2/2/21,2,B,7,1,0.125
Se,pM,sTUMS335,2/2/21,2,B,8,2,0.125