id,g,A,E,G,M,Species,mic,Genotype
1,0,0,0,0,0,Ec,NA,WT
2,1,0,0,0,0,Ec,NA,p
3,0,1,0,0,0,Ec,NA,A
4,1,1,0,0,0,Ec,NA,pA
5,0,0,1,0,0,Ec,NA,E
6,1,0,1,0,0,Ec,NA,pE
7,0,1,1,0,0,Ec,NA,AE
8,1,1,1,0,0,Ec,NA,pAE
9,0,0,0,1,0,Ec,NA,G
10,1,0,0,1,0,Ec,NA,pG
11,0,1,0,1,0,Ec,NA,AG
12,1,1,0,1,0,Ec,NA,pAG
13,0,0,1,1,0,Ec,NA,EG
14,1,0,1,1,0,Ec,NA,pEG
15,0,1,1,1,0,Ec,NA,AEG
16,1,1,1,1,0,Ec,NA,pAEG
17,0,0,0,0,1,Ec,NA,M
18,1,0,0,0,1,Ec,NA,pM
19,0,1,0,0,1,Ec,NA,AM
20,1,1,0,0,1,Ec,NA,pAM
21,0,0,1,0,1,Ec,NA,EM
22,1,0,1,0,1,Ec,NA,pEM
23,0,1,1,0,1,Ec,NA,AEM
24,1,1,1,0,1,Ec,NA,pAEM
25,0,0,0,1,1,Ec,NA,GM
26,1,0,0,1,1,Ec,NA,pGM
27,0,1,0,1,1,Ec,NA,AGM
28,1,1,0,1,1,Ec,NA,pAGM
29,0,0,1,1,1,Ec,NA,EGM
30,1,0,1,1,1,Ec,NA,pEGM
31,0,1,1,1,1,Ec,NA,AEGM
32,1,1,1,1,1,Ec,NA,pAEGM
1,0,0,0,0,0,Kp,NA,WT
2,1,0,0,0,0,Kp,NA,p
3,0,1,0,0,0,Kp,NA,A
4,1,1,0,0,0,Kp,NA,pA
5,0,0,1,0,0,Kp,NA,E
6,1,0,1,0,0,Kp,NA,pE
7,0,1,1,0,0,Kp,NA,AE
8,1,1,1,0,0,Kp,NA,pAE
9,0,0,0,1,0,Kp,NA,G
10,1,0,0,1,0,Kp,NA,pG
11,0,1,0,1,0,Kp,NA,AG
12,1,1,0,1,0,Kp,NA,pAG
13,0,0,1,1,0,Kp,NA,EG
14,1,0,1,1,0,Kp,NA,pEG
15,0,1,1,1,0,Kp,NA,AEG
16,1,1,1,1,0,Kp,NA,pAEG
17,0,0,0,0,1,Kp,NA,M
18,1,0,0,0,1,Kp,NA,pM
19,0,1,0,0,1,Kp,NA,AM
20,1,1,0,0,1,Kp,NA,pAM
21,0,0,1,0,1,Kp,NA,EM
22,1,0,1,0,1,Kp,NA,pEM
23,0,1,1,0,1,Kp,NA,AEM
24,1,1,1,0,1,Kp,NA,pAEM
25,0,0,0,1,1,Kp,NA,GM
26,1,0,0,1,1,Kp,NA,pGM
27,0,1,0,1,1,Kp,NA,AGM
28,1,1,0,1,1,Kp,NA,pAGM
29,0,0,1,1,1,Kp,NA,EGM
30,1,0,1,1,1,Kp,NA,pEGM
31,0,1,1,1,1,Kp,NA,AEGM
32,1,1,1,1,1,Kp,NA,pAEGM