"","Species","step","step_slope","step_effect","focal_MIC","mutant_MIC","focal_num","mutant_num"
"1","Ec1","WT->P",4.69988495,"beneficial",0,4.69988495,0,1
"2","Ec1","WT->A",2.62113647,"beneficial",0,2.62113647,0,1
"3","Ec1","WT->L",9.8428652,"beneficial",0,9.8428652,0,1
"4","Ec1","P->PA",2.9107809,"beneficial",4.69988495,7.61066585,1,2
"5","Ec1","P->PL",5.13456666,"beneficial",4.69988495,9.83445161,1,2
"6","Ec1","A->PA",4.98952938,"beneficial",2.62113647,7.61066585,1,2
"7","Ec1","A->AL",7.01872074,"beneficial",2.62113647,9.63985721,1,2
"8","Ec1","L->PL",-0.00841358999999997,"deleterious",9.8428652,9.83445161,1,2
"9","Ec1","L->AL",-0.20300799,"deleterious",9.8428652,9.63985721,1,2
"10","Ec1","PA->PAL",1.03743045,"beneficial",7.61066585,8.6480963,2,3
"11","Ec1","PL->PAL",-1.18635531,"deleterious",9.83445161,8.6480963,2,3
"12","Ec1","AL->PAL",-0.99176091,"deleterious",9.63985721,8.6480963,2,3
"13","Ec2","WT->P",4.28004165,"beneficial",0,4.28004165,0,1
"14","Ec2","WT->A",-1.334668191,"deleterious",0,-1.334668191,0,1
"15","Ec2","WT->L",8.1459796,"beneficial",0,8.1459796,0,1
"16","Ec2","P->PA",4.41115462,"beneficial",4.28004165,8.69119627,1,2
"17","Ec2","P->PL",3.28407716,"beneficial",4.28004165,7.56411881,1,2
"18","Ec2","A->PA",10.025864461,"beneficial",-1.334668191,8.69119627,1,2
"19","Ec2","A->AL",9.734452751,"beneficial",-1.334668191,8.39978456,1,2
"20","Ec2","L->PL",-0.58186079,"deleterious",8.1459796,7.56411881,1,2
"21","Ec2","L->AL",0.25380496,"beneficial",8.1459796,8.39978456,1,2
"22","Ec2","PA->PAL",0.958102550000003,"beneficial",8.69119627,9.64929882,2,3
"23","Ec2","PL->PAL",2.08518001,"beneficial",7.56411881,9.64929882,2,3
"24","Ec2","AL->PAL",1.24951426,"beneficial",8.39978456,9.64929882,2,3
"25","Ec3","WT->P",4.20472343,"beneficial",0,4.20472343,0,1
"26","Ec3","WT->A",-1.35689826,"deleterious",0,-1.35689826,0,1
"27","Ec3","WT->L",7.41679288,"beneficial",0,7.41679288,0,1
"28","Ec3","P->PA",2.35299531,"beneficial",4.20472343,6.55771874,1,2
"29","Ec3","P->PL",4.07478049,"beneficial",4.20472343,8.27950392,1,2
"30","Ec3","A->PA",7.914617,"beneficial",-1.35689826,6.55771874,1,2
"31","Ec3","A->AL",10.57436216,"beneficial",-1.35689826,9.2174639,1,2
"32","Ec3","L->PL",0.862711040000001,"beneficial",7.41679288,8.27950392,1,2
"33","Ec3","L->AL",1.80067102,"beneficial",7.41679288,9.2174639,1,2
"34","Ec3","PA->PAL",3.10309418,"beneficial",6.55771874,9.66081292,2,3
"35","Ec3","PL->PAL",1.381309,"beneficial",8.27950392,9.66081292,2,3
"36","Ec3","AL->PAL",0.443349019999999,"beneficial",9.2174639,9.66081292,2,3
